Workbook

Sheet README
A1: CARD FINDER
A2: Version 10 (October 2026)
A4: PURPOSE
A5: Find the cards you need in a game shop's binders without flipping through every one. Shops sort singles binders by set, and a card can be printed in a dozen sets. Card Finder looks up every set each card was printed in, matches them to the shop's binders, and tells you which binders to pull and which cards to look for in each.
A7: QUICK START
A8: 1. Export a decklist from Moxfield, Archidekt or EDHREC as plain text (lines like "1 Sol Ring").
A9: 2. Paste it into column C of a green list tab, starting at C2.
A10: 3. Card Finder > Fetch card data (this tab). Counts move to column B, names get corrected, and the row fills in from Scryfall: every set the card was printed in, the price in each set, colors and an image link.
A11: 4. Mark what you already own in column A (see STATUS).
A12: 5. Open Binder Plan or Shop. Binders are built automatically from your needed cards.
A14: STATUS (column A of each list tab)
A15: TRUE: You own it. Not needed.
... A67: The script checks this tab's version line on open and warns if the sheet and script versions don't match.

Sheet Use at Shop
A1: Shop: one binder at a time
A2: Shows the top binder from Binder Plan, or pick one. Tick Found? for each card you find (it's marked TRUE on its list). Tick Done / not here when you've finished the binder or the shop doesn't have it, and the next one comes up.
A3: Pick a binder: | B3: Foundations | D3: Done / not here: | E3: FALSE
A4: Showing: | B4: =IF(B3<>"",B3,Binders!$B$6) -> Foundations | C4: =COUNT(H6:H205)&" cards" -> 16 cards | D4: Show images: | E4: TRUE
A5: Found? | B5: Card | C5: Color | D5: Set in this binder | E5: Price | F5: List | G5: Image | H5: key
A6: FALSE | B6: {=IF($H6="","",INDEX('Binder Data'!$A:$A,$H6))} -> Sephara, Sky's Blade | C6: {=IF($H6="","",INDEX('Binder Data'!$L:$L,$H6))} -> White | D6: {=IF($H6="","",INDEX('Binder Data'!$I:$I,$H6))} -> The List | E6: {=IF($H6="","",INDEX('Binder Data'!$F:$F,$H6))} -> 6.61 | F6: {=IF($H6="","",INDEX('Binder Data'!$Q:$Q,$H6))} -> Deck 1 | G6: {=IF(OR($H6="",$E$4<>TRUE()),"",IFERROR(IMAGE(INDEX('Binder Data'!$O:$O,$H6)),""))} | H6: =IFERROR(MATCH(SMALL('Binder Data'!$M$2:$M$6251,1),'Binder Data'!$M$2:$M$6251,0)+1,"") -> 304
A7: FALSE | B7: {=IF($H7="","",INDEX('Binder Data'!$A:$A,$H7))} -> Blasphemous Act | C7: {=IF($H7="","",INDEX('Binder Data'!$L:$L,$H7))} -> Red | D7: {=IF($H7="","",INDEX('Binder Data'!$I:$I,$H7))} -> The List | E7: {=IF($H7="","",INDEX('Binder Data'!$F:$F,$H7))} -> 1.22 | F7: {=IF($H7="","",INDEX('Binder Data'!$Q:$Q,$H7))} -> Deck 1 | G7: {=IF(OR($H7="",$E$4<>TRUE()),"",IFERROR(IMAGE(INDEX('Binder Data'!$O:$O,$H7)),""))} | H7: =IFERROR(MATCH(SMALL('Binder Data'!$M$2:$M$6251,2),'Binder Data'!$M$2:$M$6251,0)+1,"") -> 256
A8: FALSE | B8: {=IF($H8="","",INDEX('Binder Data'!$A:$A,$H8))} -> Dark-Dweller Oracle | C8: {=IF($H8="","",INDEX('Binder Data'!$L:$L,$H8))} -> Red | D8: {=IF($H8="","",INDEX('Binder Data'!$I:$I,$H8))} -> The List | E8: {=IF($H8="","",INDEX('Binder Data'!$F:$F,$H8))} -> 0.22 | F8: {=IF($H8="","",INDEX('Binder Data'!$Q:$Q,$H8))} -> Deck 1 | G8: {=IF(OR($H8="",$E$4<>TRUE()),"",IFERROR(IMAGE(INDEX('Binder Data'!$O:$O,$H8)),""))} | H8: =IFERROR(MATCH(SMALL('Binder Data'!$M$2:$M$6251,3),'Binder Data'!$M$2:$M$6251,0)+1,"") -> 269
A9: FALSE | B9: {=IF($H9="","",INDEX('Binder Data'!$A:$A,$H9))} -> Loyal Apprentice | C9: {=IF($H9="","",INDEX('Binder Data'!$L:$L,$H9))} -> Red | D9: {=IF($H9="","",INDEX('Binder Data'!$I:$I,$H9))} -> The List | E9: {=IF($H9="","",INDEX('Binder Data'!$F:$F,$H9))} -> 0.37 | F9: {=IF($H9="","",INDEX('Binder Data'!$Q:$Q,$H9))} -> Deck 1 | G9: {=IF(OR($H9="",$E$4<>TRUE()),"",IFERROR(IMAGE(INDEX('Binder Data'!$O:$O,$H9)),""))} | H9: =IFERROR(MATCH(SMALL('Binder Data'!$M$2:$M$6251,4),'Binder Data'!$M$2:$M$6251,0)+1,"") -> 285
A10: FALSE | B10: {=IF($H10="","",INDEX('Binder Data'!$A:$A,$H10))} -> Reckless Fireweaver | C10: {=IF($H10="","",INDEX('Binder Data'!$L:$L,$H10))} -> Red | D10: {=IF($H10="","",INDEX('Binder Data'!$I:$I,$H10))} -> The List | E10: {=IF($H10="","",INDEX('Binder Data'!$F:$F,$H10))} -> 0.92 | F10: {=IF($H10="","",INDEX('Binder Data'!$Q:$Q,$H10))} -> Deck 1 | G10: {=IF(OR($H10="",$E$4<>TRUE()),"",IFERROR(IMAGE(INDEX('Binder Data'!$O:$O,$H10)),""))} | H10: =IFERROR(MATCH(SMALL('Binder Data'!$M$2:$M$6251,5),'Binder Data'!$M$2:$M$6251,0)+1,"") -> 298
A11: FALSE | B11: {=IF($H11="","",INDEX('Binder Data'!$A:$A,$H11))} -> Anim Pakal, Thousandth Moon | C11: {=IF($H11="","",INDEX('Binder Data'!$L:$L,$H11))} -> Multicolor | D11: {=IF($H11="","",INDEX('Binder Data'!$I:$I,$H11))} -> The List | E11: {=IF($H11="","",INDEX('Binder Data'!$F:$F,$H11))} -> 0 | F11: {=IF($H11="","",INDEX('Binder Data'!$Q:$Q,$H11))} -> Deck 1 | G11: {=IF(OR($H11="",$E$4<>TRUE()),"",IFERROR(IMAGE(INDEX('Binder Data'!$O:$O,$H11)),""))} | H11: =IFERROR(MATCH(SMALL('Binder Data'!$M$2:$M$6251,6),'Binder Data'!$M$2:$M$6251,0)+1,"") -> 252
A12: FALSE | B12: {=IF($H12="","",INDEX('Binder Data'!$A:$A,$H12))} -> Arabella, Abandoned Doll | C12: {=IF($H12="","",INDEX('Binder Data'!$L:$L,$H12))} -> Multicolor | D12: {=IF($H12="","",INDEX('Binder Data'!$I:$I,$H12))} -> The List | E12: {=IF($H12="","",INDEX('Binder Data'!$F:$F,$H12))} -> 0.77 | F12: {=IF($H12="","",INDEX('Binder Data'!$Q:$Q,$H12))} -> Deck 1 | G12: {=IF(OR($H12="",$E$4<>TRUE()),"",IFERROR(IMAGE(INDEX('Binder Data'!$O:$O,$H12)),""))} | H12: =IFERROR(MATCH(SMALL('Binder Data'!$M$2:$M$6251,7),'Binder Data'!$M$2:$M$6251,0)+1,"") -> 253
A13: FALSE | B13: {=IF($H13="","",INDEX('Binder Data'!$A:$A,$H13))} -> Chief of the Foundry | C13: {=IF($H13="","",INDEX('Binder Data'!$L:$L,$H13))} -> Colorless | D13: {=IF($H13="","",INDEX('Binder Data'!$I:$I,$H13))} -> Foundations Jumpstart | E13: {=IF($H13="","",INDEX('Binder Data'!$F:$F,$H13))} -> 0.33 | F13: {=IF($H13="","",INDEX('Binder Data'!$Q:$Q,$H13))} -> Deck 1 | G13: {=IF(OR($H13="",$E$4<>TRUE()),"",IFERROR(IMAGE(INDEX('Binder Data'!$O:$O,$H13)),""))} | H13: =IFERROR(MATCH(SMALL('Binder Data'!$M$2:$M$6251,8),'Binder Data'!$M$2:$M$6251,0)+1,"") -> 263
A14: FALSE | B14: {=IF($H14="","",INDEX('Binder Data'!$A:$A,$H14))} -> Ornithopter of Paradise | C14: {=IF($H14="","",INDEX('Binder Data'!$L:$L,$H14))} -> Colorless | D14: {=IF($H14="","",INDEX('Binder Data'!$I:$I,$H14))} -> Foundations Jumpstart | E14: {=IF($H14="","",INDEX('Binder Data'!$F:$F,$H14))} -> 0.51 | F14: {=IF($H14="","",INDEX('Binder Data'!$Q:$Q,$H14))} -> Deck 1 | G14: {=IF(OR($H14="",$E$4<>TRUE()),"",IFERROR(IMAGE(INDEX('Binder Data'!$O:$O,$H14)),""))} | H14: =IFERROR(MATCH(SMALL('Binder Data'!$M$2:$M$6251,9),'Binder Data'!$M$2:$M$6251,0)+1,"") -> 290
A15: FALSE | B15: {=IF($H15="","",INDEX('Binder Data'!$A:$A,$H15))} -> Castle Embereth | C15: {=IF($H15="","",INDEX('Binder Data'!$L:$L,$H15))} -> Land | D15: {=IF($H15="","",INDEX('Binder Data'!$I:$I,$H15))} -> The List | E15: {=IF($H15="","",INDEX('Binder Data'!$F:$F,$H15))} -> 0.36 | F15: {=IF($H15="","",INDEX('Binder Data'!$Q:$Q,$H15))} -> Deck 1 | G15: {=IF(OR($H15="",$E$4<>TRUE()),"",IFERROR(IMAGE(INDEX('Binder Data'!$O:$O,$H15)),""))} | H15: =IFERROR(MATCH(SMALL('Binder Data'!$M$2:$M$6251,10),'Binder Data'!$M$2:$M$6251,0)+1,"") -> 260
A16: FALSE | B16: {=IF($H16="","",INDEX('Binder Data'!$A:$A,$H16))} -> Clifftop Retreat | C16: {=IF($H16="","",INDEX('Binder Data'!$L:$L,$H16))} -> Land | D16: {=IF($H16="","",INDEX('Binder Data'!$I:$I,$H16))} -> The List | E16: {=IF($H16="","",INDEX('Binder Data'!$F:$F,$H16))} -> 0.76 | F16: {=IF($H16="","",INDEX('Binder Data'!$Q:$Q,$H16))} -> Deck 1 | G16: {=IF(OR($H16="",$E$4<>TRUE()),"",IFERROR(IMAGE(INDEX('Binder Data'!$O:$O,$H16)),""))} | H16: =IFERROR(MATCH(SMALL('Binder Data'!$M$2:$M$6251,11),'Binder Data'!$M$2:$M$6251,0)+1,"") -> 264
A17: FALSE | B17: {=IF($H17="","",INDEX('Binder Data'!$A:$A,$H17))} -> Command Beacon | C17: {=IF($H17="","",INDEX('Binder Data'!$L:$L,$H17))} -> Land | D17: {=IF($H17="","",INDEX('Binder Data'!$I:$I,$H17))} -> The List | E17: {=IF($H17="","",INDEX('Binder Data'!$F:$F,$H17))} -> 10.61 | F17: {=IF($H17="","",INDEX('Binder Data'!$Q:$Q,$H17))} -> Deck 1 | G17: {=IF(OR($H17="",$E$4<>TRUE()),"",IFERROR(IMAGE(INDEX('Binder Data'!$O:$O,$H17)),""))} | H17: =IFERROR(MATCH(SMALL('Binder Data'!$M$2:$M$6251,12),'Binder Data'!$M$2:$M$6251,0)+1,"") -> 265
A18: FALSE | B18: {=IF($H18="","",INDEX('Binder Data'!$A:$A,$H18))} -> Command Tower | C18: {=IF($H18="","",INDEX('Binder Data'!$L:$L,$H18))} -> Land | D18: {=IF($H18="","",INDEX('Binder Data'!$I:$I,$H18))} -> The List | E18: {=IF($H18="","",INDEX('Binder Data'!$F:$F,$H18))} -> 0.36 | F18: {=IF($H18="","",INDEX('Binder Data'!$Q:$Q,$H18))} -> Deck 1 | G18: {=IF(OR($H18="",$E$4<>TRUE()),"",IFERROR(IMAGE(INDEX('Binder Data'!$O:$O,$H18)),""))} | H18: =IFERROR(MATCH(SMALL('Binder Data'!$M$2:$M$6251,13),'Binder Data'!$M$2:$M$6251,0)+1,"") -> 266
A19: FALSE | B19: {=IF($H19="","",INDEX('Binder Data'!$A:$A,$H19))} -> Demolition Field | C19: {=IF($H19="","",INDEX('Binder Data'!$L:$L,$H19))} -> Land | D19: {=IF($H19="","",INDEX('Binder Data'!$I:$I,$H19))} -> Foundations | E19: {=IF($H19="","",INDEX('Binder Data'!$F:$F,$H19))} -> 0.32 | F19: {=IF($H19="","",INDEX('Binder Data'!$Q:$Q,$H19))} -> Deck 1 | G19: {=IF(OR($H19="",$E$4<>TRUE()),"",IFERROR(IMAGE(INDEX('Binder Data'!$O:$O,$H19)),""))} | H19: =IFERROR(MATCH(SMALL('Binder Data'!$M$2:$M$6251,14),'Binder Data'!$M$2:$M$6251,0)+1,"") -> 270
A20: FALSE | B20: {=IF($H20="","",INDEX('Binder Data'!$A:$A,$H20))} -> Exotic Orchard | C20: {=IF($H20="","",INDEX('Binder Data'!$L:$L,$H20))} -> Land | D20: {=IF($H20="","",INDEX('Binder Data'!$I:$I,$H20))} -> The List | E20: {=IF($H20="","",INDEX('Binder Data'!$F:$F,$H20))} -> 0.28 | F20: {=IF($H20="","",INDEX('Binder Data'!$Q:$Q,$H20))} -> Deck 1 | G20: {=IF(OR($H20="",$E$4<>TRUE()),"",IFERROR(IMAGE(INDEX('Binder Data'!$O:$O,$H20)),""))} | H20: =IFERROR(MATCH(SMALL('Binder Data'!$M$2:$M$6251,15),'Binder Data'!$M$2:$M$6251,0)+1,"") -> 272
A21: FALSE | B21: {=IF($H21="","",INDEX('Binder Data'!$A:$A,$H21))} -> Fountainport | C21: {=IF($H21="","",INDEX('Binder Data'!$L:$L,$H21))} -> Land | D21: {=IF($H21="","",INDEX('Binder Data'!$I:$I,$H21))} -> The List | E21: {=IF($H21="","",INDEX('Binder Data'!$F:$F,$H21))} -> 3.45 | F21: {=IF($H21="","",INDEX('Binder Data'!$Q:$Q,$H21))} -> Deck 1 | G21: {=IF(OR($H21="",$E$4<>TRUE()),"",IFERROR(IMAGE(INDEX('Binder Data'!$O:$O,$H21)),""))} | H21: =IFERROR(MATCH(SMALL('Binder Data'!$M$2:$M$6251,16),'Binder Data'!$M$2:$M$6251,0)+1,"") -> 273
A22: FALSE | B22: {=IF($H22="","",INDEX('Binder Data'!$A:$A,$H22))} | C22: {=IF($H22="","",INDEX('Binder Data'!$L:$L,$H22))} | D22: {=IF($H22="","",INDEX('Binder Data'!$I:$I,$H22))} | E22: {=IF($H22="","",INDEX('Binder Data'!$F:$F,$H22))} | F22: {=IF($H22="","",INDEX('Binder Data'!$Q:$Q,$H22))} | G22: {=IF(OR($H22="",$E$4<>TRUE()),"",IFERROR(IMAGE(INDEX('Binder Data'!$O:$O,$H22)),""))} | H22: =IFERROR(MATCH(SMALL('Binder Data'!$M$2:$M$6251,17),'Binder Data'!$M$2:$M$6251,0)+1,"")
A23: FALSE | B23: {=IF($H23="","",INDEX('Binder Data'!$A:$A,$H23))} | C23: {=IF($H23="","",INDEX('Binder Data'!$L:$L,$H23))} | D23: {=IF($H23="","",INDEX('Binder Data'!$I:$I,$H23))} | E23: {=IF($H23="","",INDEX('Binder Data'!$F:$F,$H23))} | F23: {=IF($H23="","",INDEX('Binder Data'!$Q:$Q,$H23))} | G23: {=IF(OR($H23="",$E$4<>TRUE()),"",IFERROR(IMAGE(INDEX('Binder Data'!$O:$O,$H23)),""))} | H23: =IFERROR(MATCH(SMALL('Binder Data'!$M$2:$M$6251,18),'Binder Data'!$M$2:$M$6251,0)+1,"")
A24: FALSE | B24: {=IF($H24="","",INDEX('Binder Data'!$A:$A,$H24))} | C24: {=IF($H24="","",INDEX('Binder Data'!$L:$L,$H24))} | D24: {=IF($H24="","",INDEX('Binder Data'!$I:$I,$H24))} | E24: {=IF($H24="","",INDEX('Binder Data'!$F:$F,$H24))} | F24: {=IF($H24="","",INDEX('Binder Data'!$Q:$Q,$H24))} | G24: {=IF(OR($H24="",$E$4<>TRUE()),"",IFERROR(IMAGE(INDEX('Binder Data'!$O:$O,$H24)),""))} | H24: =IFERROR(MATCH(SMALL('Binder Data'!$M$2:$M$6251,19),'Binder Data'!$M$2:$M$6251,0)+1,"")
A25: FALSE | B25: {=IF($H25="","",INDEX('Binder Data'!$A:$A,$H25))} | C25: {=IF($H25="","",INDEX('Binder Data'!$L:$L,$H25))} | D25: {=IF($H25="","",INDEX('Binder Data'!$I:$I,$H25))} | E25: {=IF($H25="","",INDEX('Binder Data'!$F:$F,$H25))} | F25: {=IF($H25="","",INDEX('Binder Data'!$Q:$Q,$H25))} | G25: {=IF(OR($H25="",$E$4<>TRUE()),"",IFERROR(IMAGE(INDEX('Binder Data'!$O:$O,$H25)),""))} | H25: =IFERROR(MATCH(SMALL('Binder Data'!$M$2:$M$6251,20),'Binder Data'!$M$2:$M$6251,0)+1,"")
A26: FALSE | B26: {=IF($H26="","",INDEX('Binder Data'!$A:$A,$H26))} | C26: {=IF($H26="","",INDEX('Binder Data'!$L:$L,$H26))} | D26: {=IF($H26="","",INDEX('Binder Data'!$I:$I,$H26))} | E26: {=IF($H26="","",INDEX('Binder Data'!$F:$F,$H26))} | F26: {=IF($H26="","",INDEX('Binder Data'!$Q:$Q,$H26))} | G26: {=IF(OR($H26="",$E$4<>TRUE()),"",IFERROR(IMAGE(INDEX('Binder Data'!$O:$O,$H26)),""))} | H26: =IFERROR(MATCH(SMALL('Binder Data'!$M$2:$M$6251,21),'Binder Data'!$M$2:$M$6251,0)+1,"")
A27: FALSE | B27: {=IF($H27="","",INDEX('Binder Data'!$A:$A,$H27))} | C27: {=IF($H27="","",INDEX('Binder Data'!$L:$L,$H27))} | D27: {=IF($H27="","",INDEX('Binder Data'!$I:$I,$H27))} | E27: {=IF($H27="","",INDEX('Binder Data'!$F:$F,$H27))} | F27: {=IF($H27="","",INDEX('Binder Data'!$Q:$Q,$H27))} | G27: {=IF(OR($H27="",$E$4<>TRUE()),"",IFERROR(IMAGE(INDEX('Binder Data'!$O:$O,$H27)),""))} | H27: =IFERROR(MATCH(SMALL('Binder Data'!$M$2:$M$6251,22),'Binder Data'!$M$2:$M$6251,0)+1,"")
A28: FALSE | B28: {=IF($H28="","",INDEX('Binder Data'!$A:$A,$H28))} | C28: {=IF($H28="","",INDEX('Binder Data'!$L:$L,$H28))} | D28: {=IF($H28="","",INDEX('Binder Data'!$I:$I,$H28))} | E28: {=IF($H28="","",INDEX('Binder Data'!$F:$F,$H28))} | F28: {=IF($H28="","",INDEX('Binder Data'!$Q:$Q,$H28))} | G28: {=IF(OR($H28="",$E$4<>TRUE()),"",IFERROR(IMAGE(INDEX('Binder Data'!$O:$O,$H28)),""))} | H28: =IFERROR(MATCH(SMALL('Binder Data'!$M$2:$M$6251,23),'Binder Data'!$M$2:$M$6251,0)+1,"")
A29: FALSE | B29: {=IF($H29="","",INDEX('Binder Data'!$A:$A,$H29))} | C29: {=IF($H29="","",INDEX('Binder Data'!$L:$L,$H29))} | D29: {=IF($H29="","",INDEX('Binder Data'!$I:$I,$H29))} | E29: {=IF($H29="","",INDEX('Binder Data'!$F:$F,$H29))} | F29: {=IF($H29="","",INDEX('Binder Data'!$Q:$Q,$H29))} | G29: {=IF(OR($H29="",$E$4<>TRUE()),"",IFERROR(IMAGE(INDEX('Binder Data'!$O:$O,$H29)),""))} | H29: =IFERROR(MATCH(SMALL('Binder Data'!$M$2:$M$6251,24),'Binder Data'!$M$2:$M$6251,0)+1,"")
A30: FALSE | B30: {=IF($H30="","",INDEX('Binder Data'!$A:$A,$H30))} | C30: {=IF($H30="","",INDEX('Binder Data'!$L:$L,$H30))} | D30: {=IF($H30="","",INDEX('Binder Data'!$I:$I,$H30))} | E30: {=IF($H30="","",INDEX('Binder Data'!$F:$F,$H30))} | F30: {=IF($H30="","",INDEX('Binder Data'!$Q:$Q,$H30))} | G30: {=IF(OR($H30="",$E$4<>TRUE()),"",IFERROR(IMAGE(INDEX('Binder Data'!$O:$O,$H30)),""))} | H30: =IFERROR(MATCH(SMALL('Binder Data'!$M$2:$M$6251,25),'Binder Data'!$M$2:$M$6251,0)+1,"")
A31: FALSE | B31: {=IF($H31="","",INDEX('Binder Data'!$A:$A,$H31))} | C31: {=IF($H31="","",INDEX('Binder Data'!$L:$L,$H31))} | D31: {=IF($H31="","",INDEX('Binder Data'!$I:$I,$H31))} | E31: {=IF($H31="","",INDEX('Binder Data'!$F:$F,$H31))} | F31: {=IF($H31="","",INDEX('Binder Data'!$Q:$Q,$H31))} | G31: {=IF(OR($H31="",$E$4<>TRUE()),"",IFERROR(IMAGE(INDEX('Binder Data'!$O:$O,$H31)),""))} | H31: =IFERROR(MATCH(SMALL('Binder Data'!$M$2:$M$6251,26),'Binder Data'!$M$2:$M$6251,0)+1,"")
A32: FALSE | B32: {=IF($H32="","",INDEX('Binder Data'!$A:$A,$H32))} | C32: {=IF($H32="","",INDEX('Binder Data'!$L:$L,$H32))} | D32: {=IF($H32="","",INDEX('Binder Data'!$I:$I,$H32))} | E32: {=IF($H32="","",INDEX('Binder Data'!$F:$F,$H32))} | F32: {=IF($H32="","",INDEX('Binder Data'!$Q:$Q,$H32))} | G32: {=IF(OR($H32="",$E$4<>TRUE()),"",IFERROR(IMAGE(INDEX('Binder Data'!$O:$O,$H32)),""))} | H32: =IFERROR(MATCH(SMALL('Binder Data'!$M$2:$M$6251,27),'Binder Data'!$M$2:$M$6251,0)+1,"")
A33: FALSE | B33: {=IF($H33="","",INDEX('Binder Data'!$A:$A,$H33))} | C33: {=IF($H33="","",INDEX('Binder Data'!$L:$L,$H33))} | D33: {=IF($H33="","",INDEX('Binder Data'!$I:$I,$H33))} | E33: {=IF($H33="","",INDEX('Binder Data'!$F:$F,$H33))} | F33: {=IF($H33="","",INDEX('Binder Data'!$Q:$Q,$H33))} | G33: {=IF(OR($H33="",$E$4<>TRUE()),"",IFERROR(IMAGE(INDEX('Binder Data'!$O:$O,$H33)),""))} | H33: =IFERROR(MATCH(SMALL('Binder Data'!$M$2:$M$6251,28),'Binder Data'!$M$2:$M$6251,0)+1,"")
A34: FALSE | B34: {=IF($H34="","",INDEX('Binder Data'!$A:$A,$H34))} | C34: {=IF($H34="","",INDEX('Binder Data'!$L:$L,$H34))} | D34: {=IF($H34="","",INDEX('Binder Data'!$I:$I,$H34))} | E34: {=IF($H34="","",INDEX('Binder Data'!$F:$F,$H34))} | F34: {=IF($H34="","",INDEX('Binder Data'!$Q:$Q,$H34))} | G34: {=IF(OR($H34="",$E$4<>TRUE()),"",IFERROR(IMAGE(INDEX('Binder Data'!$O:$O,$H34)),""))} | H34: =IFERROR(MATCH(SMALL('Binder Data'!$M$2:$M$6251,29),'Binder Data'!$M$2:$M$6251,0)+1,"")
A35: FALSE | B35: {=IF($H35="","",INDEX('Binder Data'!$A:$A,$H35))} | C35: {=IF($H35="","",INDEX('Binder Data'!$L:$L,$H35))} | D35: {=IF($H35="","",INDEX('Binder Data'!$I:$I,$H35))} | E35: {=IF($H35="","",INDEX('Binder Data'!$F:$F,$H35))} | F35: {=IF($H35="","",INDEX('Binder Data'!$Q:$Q,$H35))} | G35: {=IF(OR($H35="",$E$4<>TRUE()),"",IFERROR(IMAGE(INDEX('Binder Data'!$O:$O,$H35)),""))} | H35: =IFERROR(MATCH(SMALL('Binder Data'!$M$2:$M$6251,30),'Binder Data'!$M$2:$M$6251,0)+1,"")
A36: FALSE | B36: {=IF($H36="","",INDEX('Binder Data'!$A:$A,$H36))} | C36: {=IF($H36="","",INDEX('Binder Data'!$L:$L,$H36))} | D36: {=IF($H36="","",INDEX('Binder Data'!$I:$I,$H36))} | E36: {=IF($H36="","",INDEX('Binder Data'!$F:$F,$H36))} | F36: {=IF($H36="","",INDEX('Binder Data'!$Q:$Q,$H36))} | G36: {=IF(OR($H36="",$E$4<>TRUE()),"",IFERROR(IMAGE(INDEX('Binder Data'!$O:$O,$H36)),""))} | H36: =IFERROR(MATCH(SMALL('Binder Data'!$M$2:$M$6251,31),'Binder Data'!$M$2:$M$6251,0)+1,"")
A37: FALSE | B37: {=IF($H37="","",INDEX('Binder Data'!$A:$A,$H37))} | C37: {=IF($H37="","",INDEX('Binder Data'!$L:$L,$H37))} | D37: {=IF($H37="","",INDEX('Binder Data'!$I:$I,$H37))} | E37: {=IF($H37="","",INDEX('Binder Data'!$F:$F,$H37))} | F37: {=IF($H37="","",INDEX('Binder Data'!$Q:$Q,$H37))} | G37: {=IF(OR($H37="",$E$4<>TRUE()),"",IFERROR(IMAGE(INDEX('Binder Data'!$O:$O,$H37)),""))} | H37: =IFERROR(MATCH(SMALL('Binder Data'!$M$2:$M$6251,32),'Binder Data'!$M$2:$M$6251,0)+1,"")
A38: FALSE | B38: {=IF($H38="","",INDEX('Binder Data'!$A:$A,$H38))} | C38: {=IF($H38="","",INDEX('Binder Data'!$L:$L,$H38))} | D38: {=IF($H38="","",INDEX('Binder Data'!$I:$I,$H38))} | E38: {=IF($H38="","",INDEX('Binder Data'!$F:$F,$H38))} | F38: {=IF($H38="","",INDEX('Binder Data'!$Q:$Q,$H38))} | G38: {=IF(OR($H38="",$E$4<>TRUE()),"",IFERROR(IMAGE(INDEX('Binder Data'!$O:$O,$H38)),""))} | H38: =IFERROR(MATCH(SMALL('Binder Data'!$M$2:$M$6251,33),'Binder Data'!$M$2:$M$6251,0)+1,"")
A39: FALSE | B39: {=IF($H39="","",INDEX('Binder Data'!$A:$A,$H39))} | C39: {=IF($H39="","",INDEX('Binder Data'!$L:$L,$H39))} | D39: {=IF($H39="","",INDEX('Binder Data'!$I:$I,$H39))} | E39: {=IF($H39="","",INDEX('Binder Data'!$F:$F,$H39))} | F39: {=IF($H39="","",INDEX('Binder Data'!$Q:$Q,$H39))} | G39: {=IF(OR($H39="",$E$4<>TRUE()),"",IFERROR(IMAGE(INDEX('Binder Data'!$O:$O,$H39)),""))} | H39: =IFERROR(MATCH(SMALL('Binder Data'!$M$2:$M$6251,34),'Binder Data'!$M$2:$M$6251,0)+1,"")
A40: FALSE | B40: {=IF($H40="","",INDEX('Binder Data'!$A:$A,$H40))} | C40: {=IF($H40="","",INDEX('Binder Data'!$L:$L,$H40))} | D40: {=IF($H40="","",INDEX('Binder Data'!$I:$I,$H40))} | E40: {=IF($H40="","",INDEX('Binder Data'!$F:$F,$H40))} | F40: {=IF($H40="","",INDEX('Binder Data'!$Q:$Q,$H40))} | G40: {=IF(OR($H40="",$E$4<>TRUE()),"",IFERROR(IMAGE(INDEX('Binder Data'!$O:$O,$H40)),""))} | H40: =IFERROR(MATCH(SMALL('Binder Data'!$M$2:$M$6251,35),'Binder Data'!$M$2:$M$6251,0)+1,"")
A41: FALSE | B41: {=IF($H41="","",INDEX('Binder Data'!$A:$A,$H41))} | C41: {=IF($H41="","",INDEX('Binder Data'!$L:$L,$H41))} | D41: {=IF($H41="","",INDEX('Binder Data'!$I:$I,$H41))} | E41: {=IF($H41="","",INDEX('Binder Data'!$F:$F,$H41))} | F41: {=IF($H41="","",INDEX('Binder Data'!$Q:$Q,$H41))} | G41: {=IF(OR($H41="",$E$4<>TRUE()),"",IFERROR(IMAGE(INDEX('Binder Data'!$O:$O,$H41)),""))} | H41: =IFERROR(MATCH(SMALL('Binder Data'!$M$2:$M$6251,36),'Binder Data'!$M$2:$M$6251,0)+1,"")
A42: FALSE | B42: {=IF($H42="","",INDEX('Binder Data'!$A:$A,$H42))} | C42: {=IF($H42="","",INDEX('Binder Data'!$L:$L,$H42))} | D42: {=IF($H42="","",INDEX('Binder Data'!$I:$I,$H42))} | E42: {=IF($H42="","",INDEX('Binder Data'!$F:$F,$H42))} | F42: {=IF($H42="","",INDEX('Binder Data'!$Q:$Q,$H42))} | G42: {=IF(OR($H42="",$E$4<>TRUE()),"",IFERROR(IMAGE(INDEX('Binder Data'!$O:$O,$H42)),""))} | H42: =IFERROR(MATCH(SMALL('Binder Data'!$M$2:$M$6251,37),'Binder Data'!$M$2:$M$6251,0)+1,"")
A43: FALSE | B43: {=IF($H43="","",INDEX('Binder Data'!$A:$A,$H43))} | C43: {=IF($H43="","",INDEX('Binder Data'!$L:$L,$H43))} | D43: {=IF($H43="","",INDEX('Binder Data'!$I:$I,$H43))} | E43: {=IF($H43="","",INDEX('Binder Data'!$F:$F,$H43))} | F43: {=IF($H43="","",INDEX('Binder Data'!$Q:$Q,$H43))} | G43: {=IF(OR($H43="",$E$4<>TRUE()),"",IFERROR(IMAGE(INDEX('Binder Data'!$O:$O,$H43)),""))} | H43: =IFERROR(MATCH(SMALL('Binder Data'!$M$2:$M$6251,38),'Binder Data'!$M$2:$M$6251,0)+1,"")
A44: FALSE | B44: {=IF($H44="","",INDEX('Binder Data'!$A:$A,$H44))} | C44: {=IF($H44="","",INDEX('Binder Data'!$L:$L,$H44))} | D44: {=IF($H44="","",INDEX('Binder Data'!$I:$I,$H44))} | E44: {=IF($H44="","",INDEX('Binder Data'!$F:$F,$H44))} | F44: {=IF($H44="","",INDEX('Binder Data'!$Q:$Q,$H44))} | G44: {=IF(OR($H44="",$E$4<>TRUE()),"",IFERROR(IMAGE(INDEX('Binder Data'!$O:$O,$H44)),""))} | H44: =IFERROR(MATCH(SMALL('Binder Data'!$M$2:$M$6251,39),'Binder Data'!$M$2:$M$6251,0)+1,"")
A45: FALSE | B45: {=IF($H45="","",INDEX('Binder Data'!$A:$A,$H45))} | C45: {=IF($H45="","",INDEX('Binder Data'!$L:$L,$H45))} | D45: {=IF($H45="","",INDEX('Binder Data'!$I:$I,$H45))} | E45: {=IF($H45="","",INDEX('Binder Data'!$F:$F,$H45))} | F45: {=IF($H45="","",INDEX('Binder Data'!$Q:$Q,$H45))} | G45: {=IF(OR($H45="",$E$4<>TRUE()),"",IFERROR(IMAGE(INDEX('Binder Data'!$O:$O,$H45)),""))} | H45: =IFERROR(MATCH(SMALL('Binder Data'!$M$2:$M$6251,40),'Binder Data'!$M$2:$M$6251,0)+1,"")
A46: FALSE | B46: {=IF($H46="","",INDEX('Binder Data'!$A:$A,$H46))} | C46: {=IF($H46="","",INDEX('Binder Data'!$L:$L,$H46))} | D46: {=IF($H46="","",INDEX('Binder Data'!$I:$I,$H46))} | E46: {=IF($H46="","",INDEX('Binder Data'!$F:$F,$H46))} | F46: {=IF($H46="","",INDEX('Binder Data'!$Q:$Q,$H46))} | G46: {=IF(OR($H46="",$E$4<>TRUE()),"",IFERROR(IMAGE(INDEX('Binder Data'!$O:$O,$H46)),""))} | H46: =IFERROR(MATCH(SMALL('Binder Data'!$M$2:$M$6251,41),'Binder Data'!$M$2:$M$6251,0)+1,"")
A47: FALSE | B47: {=IF($H47="","",INDEX('Binder Data'!$A:$A,$H47))} | C47: {=IF($H47="","",INDEX('Binder Data'!$L:$L,$H47))} | D47: {=IF($H47="","",INDEX('Binder Data'!$I:$I,$H47))} | E47: {=IF($H47="","",INDEX('Binder Data'!$F:$F,$H47))} | F47: {=IF($H47="","",INDEX('Binder Data'!$Q:$Q,$H47))} | G47: {=IF(OR($H47="",$E$4<>TRUE()),"",IFERROR(IMAGE(INDEX('Binder Data'!$O:$O,$H47)),""))} | H47: =IFERROR(MATCH(SMALL('Binder Data'!$M$2:$M$6251,42),'Binder Data'!$M$2:$M$6251,0)+1,"")
A48: FALSE | B48: {=IF($H48="","",INDEX('Binder Data'!$A:$A,$H48))} | C48: {=IF($H48="","",INDEX('Binder Data'!$L:$L,$H48))} | D48: {=IF($H48="","",INDEX('Binder Data'!$I:$I,$H48))} | E48: {=IF($H48="","",INDEX('Binder Data'!$F:$F,$H48))} | F48: {=IF($H48="","",INDEX('Binder Data'!$Q:$Q,$H48))} | G48: {=IF(OR($H48="",$E$4<>TRUE()),"",IFERROR(IMAGE(INDEX('Binder Data'!$O:$O,$H48)),""))} | H48: =IFERROR(MATCH(SMALL('Binder Data'!$M$2:$M$6251,43),'Binder Data'!$M$2:$M$6251,0)+1,"")
A49: FALSE | B49: {=IF($H49="","",INDEX('Binder Data'!$A:$A,$H49))} | C49: {=IF($H49="","",INDEX('Binder Data'!$L:$L,$H49))} | D49: {=IF($H49="","",INDEX('Binder Data'!$I:$I,$H49))} | E49: {=IF($H49="","",INDEX('Binder Data'!$F:$F,$H49))} | F49: {=IF($H49="","",INDEX('Binder Data'!$Q:$Q,$H49))} | G49: {=IF(OR($H49="",$E$4<>TRUE()),"",IFERROR(IMAGE(INDEX('Binder Data'!$O:$O,$H49)),""))} | H49: =IFERROR(MATCH(SMALL('Binder Data'!$M$2:$M$6251,44),'Binder Data'!$M$2:$M$6251,0)+1,"")
A50: FALSE | B50: {=IF($H50="","",INDEX('Binder Data'!$A:$A,$H50))} | C50: {=IF($H50="","",INDEX('Binder Data'!$L:$L,$H50))} | D50: {=IF($H50="","",INDEX('Binder Data'!$I:$I,$H50))} | E50: {=IF($H50="","",INDEX('Binder Data'!$F:$F,$H50))} | F50: {=IF($H50="","",INDEX('Binder Data'!$Q:$Q,$H50))} | G50: {=IF(OR($H50="",$E$4<>TRUE()),"",IFERROR(IMAGE(INDEX('Binder Data'!$O:$O,$H50)),""))} | H50: =IFERROR(MATCH(SMALL('Binder Data'!$M$2:$M$6251,45),'Binder Data'!$M$2:$M$6251,0)+1,"")
A51: FALSE | B51: {=IF($H51="","",INDEX('Binder Data'!$A:$A,$H51))} | C51: {=IF($H51="","",INDEX('Binder Data'!$L:$L,$H51))} | D51: {=IF($H51="","",INDEX('Binder Data'!$I:$I,$H51))} | E51: {=IF($H51="","",INDEX('Binder Data'!$F:$F,$H51))} | F51: {=IF($H51="","",INDEX('Binder Data'!$Q:$Q,$H51))} | G51: {=IF(OR($H51="",$E$4<>TRUE()),"",IFERROR(IMAGE(INDEX('Binder Data'!$O:$O,$H51)),""))} | H51: =IFERROR(MATCH(SMALL('Binder Data'!$M$2:$M$6251,46),'Binder Data'!$M$2:$M$6251,0)+1,"")
A52: FALSE | B52: {=IF($H52="","",INDEX('Binder Data'!$A:$A,$H52))} | C52: {=IF($H52="","",INDEX('Binder Data'!$L:$L,$H52))} | D52: {=IF($H52="","",INDEX('Binder Data'!$I:$I,$H52))} | E52: {=IF($H52="","",INDEX('Binder Data'!$F:$F,$H52))} | F52: {=IF($H52="","",INDEX('Binder Data'!$Q:$Q,$H52))} | G52: {=IF(OR($H52="",$E$4<>TRUE()),"",IFERROR(IMAGE(INDEX('Binder Data'!$O:$O,$H52)),""))} | H52: =IFERROR(MATCH(SMALL('Binder Data'!$M$2:$M$6251,47),'Binder Data'!$M$2:$M$6251,0)+1,"")
A53: FALSE | B53: {=IF($H53="","",INDEX('Binder Data'!$A:$A,$H53))} | C53: {=IF($H53="","",INDEX('Binder Data'!$L:$L,$H53))} | D53: {=IF($H53="","",INDEX('Binder Data'!$I:$I,$H53))} | E53: {=IF($H53="","",INDEX('Binder Data'!$F:$F,$H53))} | F53: {=IF($H53="","",INDEX('Binder Data'!$Q:$Q,$H53))} | G53: {=IF(OR($H53="",$E$4<>TRUE()),"",IFERROR(IMAGE(INDEX('Binder Data'!$O:$O,$H53)),""))} | H53: =IFERROR(MATCH(SMALL('Binder Data'!$M$2:$M$6251,48),'Binder Data'!$M$2:$M$6251,0)+1,"")
A54: FALSE | B54: {=IF($H54="","",INDEX('Binder Data'!$A:$A,$H54))} | C54: {=IF($H54="","",INDEX('Binder Data'!$L:$L,$H54))} | D54: {=IF($H54="","",INDEX('Binder Data'!$I:$I,$H54))} | E54: {=IF($H54="","",INDEX('Binder Data'!$F:$F,$H54))} | F54: {=IF($H54="","",INDEX('Binder Data'!$Q:$Q,$H54))} | G54: {=IF(OR($H54="",$E$4<>TRUE()),"",IFERROR(IMAGE(INDEX('Binder Data'!$O:$O,$H54)),""))} | H54: =IFERROR(MATCH(SMALL('Binder Data'!$M$2:$M$6251,49),'Binder Data'!$M$2:$M$6251,0)+1,"")
A55: FALSE | B55: {=IF($H55="","",INDEX('Binder Data'!$A:$A,$H55))} | C55: {=IF($H55="","",INDEX('Binder Data'!$L:$L,$H55))} | D55: {=IF($H55="","",INDEX('Binder Data'!$I:$I,$H55))} | E55: {=IF($H55="","",INDEX('Binder Data'!$F:$F,$H55))} | F55: {=IF($H55="","",INDEX('Binder Data'!$Q:$Q,$H55))} | G55: {=IF(OR($H55="",$E$4<>TRUE()),"",IFERROR(IMAGE(INDEX('Binder Data'!$O:$O,$H55)),""))} | H55: =IFERROR(MATCH(SMALL('Binder Data'!$M$2:$M$6251,50),'Binder Data'!$M$2:$M$6251,0)+1,"")
A56: FALSE | B56: {=IF($H56="","",INDEX('Binder Data'!$A:$A,$H56))} | C56: {=IF($H56="","",INDEX('Binder Data'!$L:$L,$H56))} | D56: {=IF($H56="","",INDEX('Binder Data'!$I:$I,$H56))} | E56: {=IF($H56="","",INDEX('Binder Data'!$F:$F,$H56))} | F56: {=IF($H56="","",INDEX('Binder Data'!$Q:$Q,$H56))} | G56: {=IF(OR($H56="",$E$4<>TRUE()),"",IFERROR(IMAGE(INDEX('Binder Data'!$O:$O,$H56)),""))} | H56: =IFERROR(MATCH(SMALL('Binder Data'!$M$2:$M$6251,51),'Binder Data'!$M$2:$M$6251,0)+1,"")
A57: FALSE | B57: {=IF($H57="","",INDEX('Binder Data'!$A:$A,$H57))} | C57: {=IF($H57="","",INDEX('Binder Data'!$L:$L,$H57))} | D57: {=IF($H57="","",INDEX('Binder Data'!$I:$I,$H57))} | E57: {=IF($H57="","",INDEX('Binder Data'!$F:$F,$H57))} | F57: {=IF($H57="","",INDEX('Binder Data'!$Q:$Q,$H57))} | G57: {=IF(OR($H57="",$E$4<>TRUE()),"",IFERROR(IMAGE(INDEX('Binder Data'!$O:$O,$H57)),""))} | H57: =IFERROR(MATCH(SMALL('Binder Data'!$M$2:$M$6251,52),'Binder Data'!$M$2:$M$6251,0)+1,"")
A58: FALSE | B58: {=IF($H58="","",INDEX('Binder Data'!$A:$A,$H58))} | C58: {=IF($H58="","",INDEX('Binder Data'!$L:$L,$H58))} | D58: {=IF($H58="","",INDEX('Binder Data'!$I:$I,$H58))} | E58: {=IF($H58="","",INDEX('Binder Data'!$F:$F,$H58))} | F58: {=IF($H58="","",INDEX('Binder Data'!$Q:$Q,$H58))} | G58: {=IF(OR($H58="",$E$4<>TRUE()),"",IFERROR(IMAGE(INDEX('Binder Data'!$O:$O,$H58)),""))} | H58: =IFERROR(MATCH(SMALL('Binder Data'!$M$2:$M$6251,53),'Binder Data'!$M$2:$M$6251,0)+1,"")
A59: FALSE | B59: {=IF($H59="","",INDEX('Binder Data'!$A:$A,$H59))} | C59: {=IF($H59="","",INDEX('Binder Data'!$L:$L,$H59))} | D59: {=IF($H59="","",INDEX('Binder Data'!$I:$I,$H59))} | E59: {=IF($H59="","",INDEX('Binder Data'!$F:$F,$H59))} | F59: {=IF($H59="","",INDEX('Binder Data'!$Q:$Q,$H59))} | G59: {=IF(OR($H59="",$E$4<>TRUE()),"",IFERROR(IMAGE(INDEX('Binder Data'!$O:$O,$H59)),""))} | H59: =IFERROR(MATCH(SMALL('Binder Data'!$M$2:$M$6251,54),'Binder Data'!$M$2:$M$6251,0)+1,"")
A60: FALSE | B60: {=IF($H60="","",INDEX('Binder Data'!$A:$A,$H60))} | C60: {=IF($H60="","",INDEX('Binder Data'!$L:$L,$H60))} | D60: {=IF($H60="","",INDEX('Binder Data'!$I:$I,$H60))} | E60: {=IF($H60="","",INDEX('Binder Data'!$F:$F,$H60))} | F60: {=IF($H60="","",INDEX('Binder Data'!$Q:$Q,$H60))} | G60: {=IF(OR($H60="",$E$4<>TRUE()),"",IFERROR(IMAGE(INDEX('Binder Data'!$O:$O,$H60)),""))} | H60: =IFERROR(MATCH(SMALL('Binder Data'!$M$2:$M$6251,55),'Binder Data'!$M$2:$M$6251,0)+1,"")
A61: FALSE | B61: {=IF($H61="","",INDEX('Binder Data'!$A:$A,$H61))} | C61: {=IF($H61="","",INDEX('Binder Data'!$L:$L,$H61))} | D61: {=IF($H61="","",INDEX('Binder Data'!$I:$I,$H61))} | E61: {=IF($H61="","",INDEX('Binder Data'!$F:$F,$H61))} | F61: {=IF($H61="","",INDEX('Binder Data'!$Q:$Q,$H61))} | G61: {=IF(OR($H61="",$E$4<>TRUE()),"",IFERROR(IMAGE(INDEX('Binder Data'!$O:$O,$H61)),""))} | H61: =IFERROR(MATCH(SMALL('Binder Data'!$M$2:$M$6251,56),'Binder Data'!$M$2:$M$6251,0)+1,"")
A62: FALSE | B62: {=IF($H62="","",INDEX('Binder Data'!$A:$A,$H62))} | C62: {=IF($H62="","",INDEX('Binder Data'!$L:$L,$H62))} | D62: {=IF($H62="","",INDEX('Binder Data'!$I:$I,$H62))} | E62: {=IF($H62="","",INDEX('Binder Data'!$F:$F,$H62))} | F62: {=IF($H62="","",INDEX('Binder Data'!$Q:$Q,$H62))} | G62: {=IF(OR($H62="",$E$4<>TRUE()),"",IFERROR(IMAGE(INDEX('Binder Data'!$O:$O,$H62)),""))} | H62: =IFERROR(MATCH(SMALL('Binder Data'!$M$2:$M$6251,57),'Binder Data'!$M$2:$M$6251,0)+1,"")
A63: FALSE | B63: {=IF($H63="","",INDEX('Binder Data'!$A:$A,$H63))} | C63: {=IF($H63="","",INDEX('Binder Data'!$L:$L,$H63))} | D63: {=IF($H63="","",INDEX('Binder Data'!$I:$I,$H63))} | E63: {=IF($H63="","",INDEX('Binder Data'!$F:$F,$H63))} | F63: {=IF($H63="","",INDEX('Binder Data'!$Q:$Q,$H63))} | G63: {=IF(OR($H63="",$E$4<>TRUE()),"",IFERROR(IMAGE(INDEX('Binder Data'!$O:$O,$H63)),""))} | H63: =IFERROR(MATCH(SMALL('Binder Data'!$M$2:$M$6251,58),'Binder Data'!$M$2:$M$6251,0)+1,"")
A64: FALSE | B64: {=IF($H64="","",INDEX('Binder Data'!$A:$A,$H64))} | C64: {=IF($H64="","",INDEX('Binder Data'!$L:$L,$H64))} | D64: {=IF($H64="","",INDEX('Binder Data'!$I:$I,$H64))} | E64: {=IF($H64="","",INDEX('Binder Data'!$F:$F,$H64))} | F64: {=IF($H64="","",INDEX('Binder Data'!$Q:$Q,$H64))} | G64: {=IF(OR($H64="",$E$4<>TRUE()),"",IFERROR(IMAGE(INDEX('Binder Data'!$O:$O,$H64)),""))} | H64: =IFERROR(MATCH(SMALL('Binder Data'!$M$2:$M$6251,59),'Binder Data'!$M$2:$M$6251,0)+1,"")
A65: FALSE | B65: {=IF($H65="","",INDEX('Binder Data'!$A:$A,$H65))} | C65: {=IF($H65="","",INDEX('Binder Data'!$L:$L,$H65))} | D65: {=IF($H65="","",INDEX('Binder Data'!$I:$I,$H65))} | E65: {=IF($H65="","",INDEX('Binder Data'!$F:$F,$H65))} | F65: {=IF($H65="","",INDEX('Binder Data'!$Q:$Q,$H65))} | G65: {=IF(OR($H65="",$E$4<>TRUE()),"",IFERROR(IMAGE(INDEX('Binder Data'!$O:$O,$H65)),""))} | H65: =IFERROR(MATCH(SMALL('Binder Data'!$M$2:$M$6251,60),'Binder Data'!$M$2:$M$6251,0)+1,"")
A66: FALSE | B66: {=IF($H66="","",INDEX('Binder Data'!$A:$A,$H66))} | C66: {=IF($H66="","",INDEX('Binder Data'!$L:$L,$H66))} | D66: {=IF($H66="","",INDEX('Binder Data'!$I:$I,$H66))} | E66: {=IF($H66="","",INDEX('Binder Data'!$F:$F,$H66))} | F66: {=IF($H66="","",INDEX('Binder Data'!$Q:$Q,$H66))} | G66: {=IF(OR($H66="",$E$4<>TRUE()),"",IFERROR(IMAGE(INDEX('Binder Data'!$O:$O,$H66)),""))} | H66: =IFERROR(MATCH(SMALL('Binder Data'!$M$2:$M$6251,61),'Binder Data'!$M$2:$M$6251,0)+1,"")
A67: FALSE | B67: {=IF($H67="","",INDEX('Binder Data'!$A:$A,$H67))} | C67: {=IF($H67="","",INDEX('Binder Data'!$L:$L,$H67))} | D67: {=IF($H67="","",INDEX('Binder Data'!$I:$I,$H67))} | E67: {=IF($H67="","",INDEX('Binder Data'!$F:$F,$H67))} | F67: {=IF($H67="","",INDEX('Binder Data'!$Q:$Q,$H67))} | G67: {=IF(OR($H67="",$E$4<>TRUE()),"",IFERROR(IMAGE(INDEX('Binder Data'!$O:$O,$H67)),""))} | H67: =IFERROR(MATCH(SMALL('Binder Data'!$M$2:$M$6251,62),'Binder Data'!$M$2:$M$6251,0)+1,"")
A68: FALSE | B68: {=IF($H68="","",INDEX('Binder Data'!$A:$A,$H68))} | C68: {=IF($H68="","",INDEX('Binder Data'!$L:$L,$H68))} | D68: {=IF($H68="","",INDEX('Binder Data'!$I:$I,$H68))} | E68: {=IF($H68="","",INDEX('Binder Data'!$F:$F,$H68))} | F68: {=IF($H68="","",INDEX('Binder Data'!$Q:$Q,$H68))} | G68: {=IF(OR($H68="",$E$4<>TRUE()),"",IFERROR(IMAGE(INDEX('Binder Data'!$O:$O,$H68)),""))} | H68: =IFERROR(MATCH(SMALL('Binder Data'!$M$2:$M$6251,63),'Binder Data'!$M$2:$M$6251,0)+1,"")
A69: FALSE | B69: {=IF($H69="","",INDEX('Binder Data'!$A:$A,$H69))} | C69: {=IF($H69="","",INDEX('Binder Data'!$L:$L,$H69))} | D69: {=IF($H69="","",INDEX('Binder Data'!$I:$I,$H69))} | E69: {=IF($H69="","",INDEX('Binder Data'!$F:$F,$H69))} | F69: {=IF($H69="","",INDEX('Binder Data'!$Q:$Q,$H69))} | G69: {=IF(OR($H69="",$E$4<>TRUE()),"",IFERROR(IMAGE(INDEX('Binder Data'!$O:$O,$H69)),""))} | H69: =IFERROR(MATCH(SMALL('Binder Data'!$M$2:$M$6251,64),'Binder Data'!$M$2:$M$6251,0)+1,"")
A70: FALSE | B70: {=IF($H70="","",INDEX('Binder Data'!$A:$A,$H70))} | C70: {=IF($H70="","",INDEX('Binder Data'!$L:$L,$H70))} | D70: {=IF($H70="","",INDEX('Binder Data'!$I:$I,$H70))} | E70: {=IF($H70="","",INDEX('Binder Data'!$F:$F,$H70))} | F70: {=IF($H70="","",INDEX('Binder Data'!$Q:$Q,$H70))} | G70: {=IF(OR($H70="",$E$4<>TRUE()),"",IFERROR(IMAGE(INDEX('Binder Data'!$O:$O,$H70)),""))} | H70: =IFERROR(MATCH(SMALL('Binder Data'!$M$2:$M$6251,65),'Binder Data'!$M$2:$M$6251,0)+1,"")
A71: FALSE | B71: {=IF($H71="","",INDEX('Binder Data'!$A:$A,$H71))} | C71: {=IF($H71="","",INDEX('Binder Data'!$L:$L,$H71))} | D71: {=IF($H71="","",INDEX('Binder Data'!$I:$I,$H71))} | E71: {=IF($H71="","",INDEX('Binder Data'!$F:$F,$H71))} | F71: {=IF($H71="","",INDEX('Binder Data'!$Q:$Q,$H71))} | G71: {=IF(OR($H71="",$E$4<>TRUE()),"",IFERROR(IMAGE(INDEX('Binder Data'!$O:$O,$H71)),""))} | H71: =IFERROR(MATCH(SMALL('Binder Data'!$M$2:$M$6251,66),'Binder Data'!$M$2:$M$6251,0)+1,"")
A72: FALSE | B72: {=IF($H72="","",INDEX('Binder Data'!$A:$A,$H72))} | C72: {=IF($H72="","",INDEX('Binder Data'!$L:$L,$H72))} | D72: {=IF($H72="","",INDEX('Binder Data'!$I:$I,$H72))} | E72: {=IF($H72="","",INDEX('Binder Data'!$F:$F,$H72))} | F72: {=IF($H72="","",INDEX('Binder Data'!$Q:$Q,$H72))} | G72: {=IF(OR($H72="",$E$4<>TRUE()),"",IFERROR(IMAGE(INDEX('Binder Data'!$O:$O,$H72)),""))} | H72: =IFERROR(MATCH(SMALL('Binder Data'!$M$2:$M$6251,67),'Binder Data'!$M$2:$M$6251,0)+1,"")
A73: FALSE | B73: {=IF($H73="","",INDEX('Binder Data'!$A:$A,$H73))} | C73: {=IF($H73="","",INDEX('Binder Data'!$L:$L,$H73))} | D73: {=IF($H73="","",INDEX('Binder Data'!$I:$I,$H73))} | E73: {=IF($H73="","",INDEX('Binder Data'!$F:$F,$H73))} | F73: {=IF($H73="","",INDEX('Binder Data'!$Q:$Q,$H73))} | G73: {=IF(OR($H73="",$E$4<>TRUE()),"",IFERROR(IMAGE(INDEX('Binder Data'!$O:$O,$H73)),""))} | H73: =IFERROR(MATCH(SMALL('Binder Data'!$M$2:$M$6251,68),'Binder Data'!$M$2:$M$6251,0)+1,"")
A74: FALSE | B74: {=IF($H74="","",INDEX('Binder Data'!$A:$A,$H74))} | C74: {=IF($H74="","",INDEX('Binder Data'!$L:$L,$H74))} | D74: {=IF($H74="","",INDEX('Binder Data'!$I:$I,$H74))} | E74: {=IF($H74="","",INDEX('Binder Data'!$F:$F,$H74))} | F74: {=IF($H74="","",INDEX('Binder Data'!$Q:$Q,$H74))} | G74: {=IF(OR($H74="",$E$4<>TRUE()),"",IFERROR(IMAGE(INDEX('Binder Data'!$O:$O,$H74)),""))} | H74: =IFERROR(MATCH(SMALL('Binder Data'!$M$2:$M$6251,69),'Binder Data'!$M$2:$M$6251,0)+1,"")
A75: FALSE | B75: {=IF($H75="","",INDEX('Binder Data'!$A:$A,$H75))} | C75: {=IF($H75="","",INDEX('Binder Data'!$L:$L,$H75))} | D75: {=IF($H75="","",INDEX('Binder Data'!$I:$I,$H75))} | E75: {=IF($H75="","",INDEX('Binder Data'!$F:$F,$H75))} | F75: {=IF($H75="","",INDEX('Binder Data'!$Q:$Q,$H75))} | G75: {=IF(OR($H75="",$E$4<>TRUE()),"",IFERROR(IMAGE(INDEX('Binder Data'!$O:$O,$H75)),""))} | H75: =IFERROR(MATCH(SMALL('Binder Data'!$M$2:$M$6251,70),'Binder Data'!$M$2:$M$6251,0)+1,"")
A76: FALSE | B76: {=IF($H76="","",INDEX('Binder Data'!$A:$A,$H76))} | C76: {=IF($H76="","",INDEX('Binder Data'!$L:$L,$H76))} | D76: {=IF($H76="","",INDEX('Binder Data'!$I:$I,$H76))} | E76: {=IF($H76="","",INDEX('Binder Data'!$F:$F,$H76))} | F76: {=IF($H76="","",INDEX('Binder Data'!$Q:$Q,$H76))} | G76: {=IF(OR($H76="",$E$4<>TRUE()),"",IFERROR(IMAGE(INDEX('Binder Data'!$O:$O,$H76)),""))} | H76: =IFERROR(MATCH(SMALL('Binder Data'!$M$2:$M$6251,71),'Binder Data'!$M$2:$M$6251,0)+1,"")
A77: FALSE | B77: {=IF($H77="","",INDEX('Binder Data'!$A:$A,$H77))} | C77: {=IF($H77="","",INDEX('Binder Data'!$L:$L,$H77))} | D77: {=IF($H77="","",INDEX('Binder Data'!$I:$I,$H77))} | E77: {=IF($H77="","",INDEX('Binder Data'!$F:$F,$H77))} | F77: {=IF($H77="","",INDEX('Binder Data'!$Q:$Q,$H77))} | G77: {=IF(OR($H77="",$E$4<>TRUE()),"",IFERROR(IMAGE(INDEX('Binder Data'!$O:$O,$H77)),""))} | H77: =IFERROR(MATCH(SMALL('Binder Data'!$M$2:$M$6251,72),'Binder Data'!$M$2:$M$6251,0)+1,"")
A78: FALSE | B78: {=IF($H78="","",INDEX('Binder Data'!$A:$A,$H78))} | C78: {=IF($H78="","",INDEX('Binder Data'!$L:$L,$H78))} | D78: {=IF($H78="","",INDEX('Binder Data'!$I:$I,$H78))} | E78: {=IF($H78="","",INDEX('Binder Data'!$F:$F,$H78))} | F78: {=IF($H78="","",INDEX('Binder Data'!$Q:$Q,$H78))} | G78: {=IF(OR($H78="",$E$4<>TRUE()),"",IFERROR(IMAGE(INDEX('Binder Data'!$O:$O,$H78)),""))} | H78: =IFERROR(MATCH(SMALL('Binder Data'!$M$2:$M$6251,73),'Binder Data'!$M$2:$M$6251,0)+1,"")
A79: FALSE | B79: {=IF($H79="","",INDEX('Binder Data'!$A:$A,$H79))} | C79: {=IF($H79="","",INDEX('Binder Data'!$L:$L,$H79))} | D79: {=IF($H79="","",INDEX('Binder Data'!$I:$I,$H79))} | E79: {=IF($H79="","",INDEX('Binder Data'!$F:$F,$H79))} | F79: {=IF($H79="","",INDEX('Binder Data'!$Q:$Q,$H79))} | G79: {=IF(OR($H79="",$E$4<>TRUE()),"",IFERROR(IMAGE(INDEX('Binder Data'!$O:$O,$H79)),""))} | H79: =IFERROR(MATCH(SMALL('Binder Data'!$M$2:$M$6251,74),'Binder Data'!$M$2:$M$6251,0)+1,"")
A80: FALSE | B80: {=IF($H80="","",INDEX('Binder Data'!$A:$A,$H80))} | C80: {=IF($H80="","",INDEX('Binder Data'!$L:$L,$H80))} | D80: {=IF($H80="","",INDEX('Binder Data'!$I:$I,$H80))} | E80: {=IF($H80="","",INDEX('Binder Data'!$F:$F,$H80))} | F80: {=IF($H80="","",INDEX('Binder Data'!$Q:$Q,$H80))} | G80: {=IF(OR($H80="",$E$4<>TRUE()),"",IFERROR(IMAGE(INDEX('Binder Data'!$O:$O,$H80)),""))} | H80: =IFERROR(MATCH(SMALL('Binder Data'!$M$2:$M$6251,75),'Binder Data'!$M$2:$M$6251,0)+1,"")
A81: FALSE | B81: {=IF($H81="","",INDEX('Binder Data'!$A:$A,$H81))} | C81: {=IF($H81="","",INDEX('Binder Data'!$L:$L,$H81))} | D81: {=IF($H81="","",INDEX('Binder Data'!$I:$I,$H81))} | E81: {=IF($H81="","",INDEX('Binder Data'!$F:$F,$H81))} | F81: {=IF($H81="","",INDEX('Binder Data'!$Q:$Q,$H81))} | G81: {=IF(OR($H81="",$E$4<>TRUE()),"",IFERROR(IMAGE(INDEX('Binder Data'!$O:$O,$H81)),""))} | H81: =IFERROR(MATCH(SMALL('Binder Data'!$M$2:$M$6251,76),'Binder Data'!$M$2:$M$6251,0)+1,"")
A82: FALSE | B82: {=IF($H82="","",INDEX('Binder Data'!$A:$A,$H82))} | C82: {=IF($H82="","",INDEX('Binder Data'!$L:$L,$H82))} | D82: {=IF($H82="","",INDEX('Binder Data'!$I:$I,$H82))} | E82: {=IF($H82="","",INDEX('Binder Data'!$F:$F,$H82))} | F82: {=IF($H82="","",INDEX('Binder Data'!$Q:$Q,$H82))} | G82: {=IF(OR($H82="",$E$4<>TRUE()),"",IFERROR(IMAGE(INDEX('Binder Data'!$O:$O,$H82)),""))} | H82: =IFERROR(MATCH(SMALL('Binder Data'!$M$2:$M$6251,77),'Binder Data'!$M$2:$M$6251,0)+1,"")
A83: FALSE | B83: {=IF($H83="","",INDEX('Binder Data'!$A:$A,$H83))} | C83: {=IF($H83="","",INDEX('Binder Data'!$L:$L,$H83))} | D83: {=IF($H83="","",INDEX('Binder Data'!$I:$I,$H83))} | E83: {=IF($H83="","",INDEX('Binder Data'!$F:$F,$H83))} | F83: {=IF($H83="","",INDEX('Binder Data'!$Q:$Q,$H83))} | G83: {=IF(OR($H83="",$E$4<>TRUE()),"",IFERROR(IMAGE(INDEX('Binder Data'!$O:$O,$H83)),""))} | H83: =IFERROR(MATCH(SMALL('Binder Data'!$M$2:$M$6251,78),'Binder Data'!$M$2:$M$6251,0)+1,"")
A84: FALSE | B84: {=IF($H84="","",INDEX('Binder Data'!$A:$A,$H84))} | C84: {=IF($H84="","",INDEX('Binder Data'!$L:$L,$H84))} | D84: {=IF($H84="","",INDEX('Binder Data'!$I:$I,$H84))} | E84: {=IF($H84="","",INDEX('Binder Data'!$F:$F,$H84))} | F84: {=IF($H84="","",INDEX('Binder Data'!$Q:$Q,$H84))} | G84: {=IF(OR($H84="",$E$4<>TRUE()),"",IFERROR(IMAGE(INDEX('Binder Data'!$O:$O,$H84)),""))} | H84: =IFERROR(MATCH(SMALL('Binder Data'!$M$2:$M$6251,79),'Binder Data'!$M$2:$M$6251,0)+1,"")
A85: FALSE | B85: {=IF($H85="","",INDEX('Binder Data'!$A:$A,$H85))} | C85: {=IF($H85="","",INDEX('Binder Data'!$L:$L,$H85))} | D85: {=IF($H85="","",INDEX('Binder Data'!$I:$I,$H85))} | E85: {=IF($H85="","",INDEX('Binder Data'!$F:$F,$H85))} | F85: {=IF($H85="","",INDEX('Binder Data'!$Q:$Q,$H85))} | G85: {=IF(OR($H85="",$E$4<>TRUE()),"",IFERROR(IMAGE(INDEX('Binder Data'!$O:$O,$H85)),""))} | H85: =IFERROR(MATCH(SMALL('Binder Data'!$M$2:$M$6251,80),'Binder Data'!$M$2:$M$6251,0)+1,"")
A86: FALSE | B86: {=IF($H86="","",INDEX('Binder Data'!$A:$A,$H86))} | C86: {=IF($H86="","",INDEX('Binder Data'!$L:$L,$H86))} | D86: {=IF($H86="","",INDEX('Binder Data'!$I:$I,$H86))} | E86: {=IF($H86="","",INDEX('Binder Data'!$F:$F,$H86))} | F86: {=IF($H86="","",INDEX('Binder Data'!$Q:$Q,$H86))} | G86: {=IF(OR($H86="",$E$4<>TRUE()),"",IFERROR(IMAGE(INDEX('Binder Data'!$O:$O,$H86)),""))} | H86: =IFERROR(MATCH(SMALL('Binder Data'!$M$2:$M$6251,81),'Binder Data'!$M$2:$M$6251,0)+1,"")
A87: FALSE | B87: {=IF($H87="","",INDEX('Binder Data'!$A:$A,$H87))} | C87: {=IF($H87="","",INDEX('Binder Data'!$L:$L,$H87))} | D87: {=IF($H87="","",INDEX('Binder Data'!$I:$I,$H87))} | E87: {=IF($H87="","",INDEX('Binder Data'!$F:$F,$H87))} | F87: {=IF($H87="","",INDEX('Binder Data'!$Q:$Q,$H87))} | G87: {=IF(OR($H87="",$E$4<>TRUE()),"",IFERROR(IMAGE(INDEX('Binder Data'!$O:$O,$H87)),""))} | H87: =IFERROR(MATCH(SMALL('Binder Data'!$M$2:$M$6251,82),'Binder Data'!$M$2:$M$6251,0)+1,"")
A88: FALSE | B88: {=IF($H88="","",INDEX('Binder Data'!$A:$A,$H88))} | C88: {=IF($H88="","",INDEX('Binder Data'!$L:$L,$H88))} | D88: {=IF($H88="","",INDEX('Binder Data'!$I:$I,$H88))} | E88: {=IF($H88="","",INDEX('Binder Data'!$F:$F,$H88))} | F88: {=IF($H88="","",INDEX('Binder Data'!$Q:$Q,$H88))} | G88: {=IF(OR($H88="",$E$4<>TRUE()),"",IFERROR(IMAGE(INDEX('Binder Data'!$O:$O,$H88)),""))} | H88: =IFERROR(MATCH(SMALL('Binder Data'!$M$2:$M$6251,83),'Binder Data'!$M$2:$M$6251,0)+1,"")
A89: FALSE | B89: {=IF($H89="","",INDEX('Binder Data'!$A:$A,$H89))} | C89: {=IF($H89="","",INDEX('Binder Data'!$L:$L,$H89))} | D89: {=IF($H89="","",INDEX('Binder Data'!$I:$I,$H89))} | E89: {=IF($H89="","",INDEX('Binder Data'!$F:$F,$H89))} | F89: {=IF($H89="","",INDEX('Binder Data'!$Q:$Q,$H89))} | G89: {=IF(OR($H89="",$E$4<>TRUE()),"",IFERROR(IMAGE(INDEX('Binder Data'!$O:$O,$H89)),""))} | H89: =IFERROR(MATCH(SMALL('Binder Data'!$M$2:$M$6251,84),'Binder Data'!$M$2:$M$6251,0)+1,"")
A90: FALSE | B90: {=IF($H90="","",INDEX('Binder Data'!$A:$A,$H90))} | C90: {=IF($H90="","",INDEX('Binder Data'!$L:$L,$H90))} | D90: {=IF($H90="","",INDEX('Binder Data'!$I:$I,$H90))} | E90: {=IF($H90="","",INDEX('Binder Data'!$F:$F,$H90))} | F90: {=IF($H90="","",INDEX('Binder Data'!$Q:$Q,$H90))} | G90: {=IF(OR($H90="",$E$4<>TRUE()),"",IFERROR(IMAGE(INDEX('Binder Data'!$O:$O,$H90)),""))} | H90: =IFERROR(MATCH(SMALL('Binder Data'!$M$2:$M$6251,85),'Binder Data'!$M$2:$M$6251,0)+1,"")
A91: FALSE | B91: {=IF($H91="","",INDEX('Binder Data'!$A:$A,$H91))} | C91: {=IF($H91="","",INDEX('Binder Data'!$L:$L,$H91))} | D91: {=IF($H91="","",INDEX('Binder Data'!$I:$I,$H91))} | E91: {=IF($H91="","",INDEX('Binder Data'!$F:$F,$H91))} | F91: {=IF($H91="","",INDEX('Binder Data'!$Q:$Q,$H91))} | G91: {=IF(OR($H91="",$E$4<>TRUE()),"",IFERROR(IMAGE(INDEX('Binder Data'!$O:$O,$H91)),""))} | H91: =IFERROR(MATCH(SMALL('Binder Data'!$M$2:$M$6251,86),'Binder Data'!$M$2:$M$6251,0)+1,"")
A92: FALSE | B92: {=IF($H92="","",INDEX('Binder Data'!$A:$A,$H92))} | C92: {=IF($H92="","",INDEX('Binder Data'!$L:$L,$H92))} | D92: {=IF($H92="","",INDEX('Binder Data'!$I:$I,$H92))} | E92: {=IF($H92="","",INDEX('Binder Data'!$F:$F,$H92))} | F92: {=IF($H92="","",INDEX('Binder Data'!$Q:$Q,$H92))} | G92: {=IF(OR($H92="",$E$4<>TRUE()),"",IFERROR(IMAGE(INDEX('Binder Data'!$O:$O,$H92)),""))} | H92: =IFERROR(MATCH(SMALL('Binder Data'!$M$2:$M$6251,87),'Binder Data'!$M$2:$M$6251,0)+1,"")
A93: FALSE | B93: {=IF($H93="","",INDEX('Binder Data'!$A:$A,$H93))} | C93: {=IF($H93="","",INDEX('Binder Data'!$L:$L,$H93))} | D93: {=IF($H93="","",INDEX('Binder Data'!$I:$I,$H93))} | E93: {=IF($H93="","",INDEX('Binder Data'!$F:$F,$H93))} | F93: {=IF($H93="","",INDEX('Binder Data'!$Q:$Q,$H93))} | G93: {=IF(OR($H93="",$E$4<>TRUE()),"",IFERROR(IMAGE(INDEX('Binder Data'!$O:$O,$H93)),""))} | H93: =IFERROR(MATCH(SMALL('Binder Data'!$M$2:$M$6251,88),'Binder Data'!$M$2:$M$6251,0)+1,"")
A94: FALSE | B94: {=IF($H94="","",INDEX('Binder Data'!$A:$A,$H94))} | C94: {=IF($H94="","",INDEX('Binder Data'!$L:$L,$H94))} | D94: {=IF($H94="","",INDEX('Binder Data'!$I:$I,$H94))} | E94: {=IF($H94="","",INDEX('Binder Data'!$F:$F,$H94))} | F94: {=IF($H94="","",INDEX('Binder Data'!$Q:$Q,$H94))} | G94: {=IF(OR($H94="",$E$4<>TRUE()),"",IFERROR(IMAGE(INDEX('Binder Data'!$O:$O,$H94)),""))} | H94: =IFERROR(MATCH(SMALL('Binder Data'!$M$2:$M$6251,89),'Binder Data'!$M$2:$M$6251,0)+1,"")
A95: FALSE | B95: {=IF($H95="","",INDEX('Binder Data'!$A:$A,$H95))} | C95: {=IF($H95="","",INDEX('Binder Data'!$L:$L,$H95))} | D95: {=IF($H95="","",INDEX('Binder Data'!$I:$I,$H95))} | E95: {=IF($H95="","",INDEX('Binder Data'!$F:$F,$H95))} | F95: {=IF($H95="","",INDEX('Binder Data'!$Q:$Q,$H95))} | G95: {=IF(OR($H95="",$E$4<>TRUE()),"",IFERROR(IMAGE(INDEX('Binder Data'!$O:$O,$H95)),""))} | H95: =IFERROR(MATCH(SMALL('Binder Data'!$M$2:$M$6251,90),'Binder Data'!$M$2:$M$6251,0)+1,"")
A96: FALSE | B96: {=IF($H96="","",INDEX('Binder Data'!$A:$A,$H96))} | C96: {=IF($H96="","",INDEX('Binder Data'!$L:$L,$H96))} | D96: {=IF($H96="","",INDEX('Binder Data'!$I:$I,$H96))} | E96: {=IF($H96="","",INDEX('Binder Data'!$F:$F,$H96))} | F96: {=IF($H96="","",INDEX('Binder Data'!$Q:$Q,$H96))} | G96: {=IF(OR($H96="",$E$4<>TRUE()),"",IFERROR(IMAGE(INDEX('Binder Data'!$O:$O,$H96)),""))} | H96: =IFERROR(MATCH(SMALL('Binder Data'!$M$2:$M$6251,91),'Binder Data'!$M$2:$M$6251,0)+1,"")
A97: FALSE | B97: {=IF($H97="","",INDEX('Binder Data'!$A:$A,$H97))} | C97: {=IF($H97="","",INDEX('Binder Data'!$L:$L,$H97))} | D97: {=IF($H97="","",INDEX('Binder Data'!$I:$I,$H97))} | E97: {=IF($H97="","",INDEX('Binder Data'!$F:$F,$H97))} | F97: {=IF($H97="","",INDEX('Binder Data'!$Q:$Q,$H97))} | G97: {=IF(OR($H97="",$E$4<>TRUE()),"",IFERROR(IMAGE(INDEX('Binder Data'!$O:$O,$H97)),""))} | H97: =IFERROR(MATCH(SMALL('Binder Data'!$M$2:$M$6251,92),'Binder Data'!$M$2:$M$6251,0)+1,"")
A98: FALSE | B98: {=IF($H98="","",INDEX('Binder Data'!$A:$A,$H98))} | C98: {=IF($H98="","",INDEX('Binder Data'!$L:$L,$H98))} | D98: {=IF($H98="","",INDEX('Binder Data'!$I:$I,$H98))} | E98: {=IF($H98="","",INDEX('Binder Data'!$F:$F,$H98))} | F98: {=IF($H98="","",INDEX('Binder Data'!$Q:$Q,$H98))} | G98: {=IF(OR($H98="",$E$4<>TRUE()),"",IFERROR(IMAGE(INDEX('Binder Data'!$O:$O,$H98)),""))} | H98: =IFERROR(MATCH(SMALL('Binder Data'!$M$2:$M$6251,93),'Binder Data'!$M$2:$M$6251,0)+1,"")
A99: FALSE | B99: {=IF($H99="","",INDEX('Binder Data'!$A:$A,$H99))} | C99: {=IF($H99="","",INDEX('Binder Data'!$L:$L,$H99))} | D99: {=IF($H99="","",INDEX('Binder Data'!$I:$I,$H99))} | E99: {=IF($H99="","",INDEX('Binder Data'!$F:$F,$H99))} | F99: {=IF($H99="","",INDEX('Binder Data'!$Q:$Q,$H99))} | G99: {=IF(OR($H99="",$E$4<>TRUE()),"",IFERROR(IMAGE(INDEX('Binder Data'!$O:$O,$H99)),""))} | H99: =IFERROR(MATCH(SMALL('Binder Data'!$M$2:$M$6251,94),'Binder Data'!$M$2:$M$6251,0)+1,"")
A100: FALSE | B100: {=IF($H100="","",INDEX('Binder Data'!$A:$A,$H100))} | C100: {=IF($H100="","",INDEX('Binder Data'!$L:$L,$H100))} | D100: {=IF($H100="","",INDEX('Binder Data'!$I:$I,$H100))} | E100: {=IF($H100="","",INDEX('Binder Data'!$F:$F,$H100))} | F100: {=IF($H100="","",INDEX('Binder Data'!$Q:$Q,$H100))} | G100: {=IF(OR($H100="",$E$4<>TRUE()),"",IFERROR(IMAGE(INDEX('Binder Data'!$O:$O,$H100)),""))} | H100: =IFERROR(MATCH(SMALL('Binder Data'!$M$2:$M$6251,95),'Binder Data'!$M$2:$M$6251,0)+1,"")
...

Sheet Binders
A1: Card finder: binder pull plan
A2: Binders are built automatically from your needed cards, most cards first. Tick Searched / No binder when you've checked a binder or the shop doesn't have it: it drops off and its cards move to their next binder. Ticked one by mistake? Pick it in Bring back a binder (B4). Lists to search (right) chooses which lists count.
A3: Worth a binder pull if it holds at least this many cards (D3) or this much value (E3): | D3: 2 | E3: 1 | F3: Reset all: | G3: FALSE
A4: Bring back a binder:
A5: Pull # | B5: Binder / set | C5: Cards to look for here | D5: Cards left to find | E5: Value of cards left here | F5: Worth the pull? | G5: Searched / No binder | I5: List | J5: Search it? | K5: Cards still needed
A6: =IF(B6="","",1) -> 1 | B6: {=IFERROR(INDEX('Binder Setup'!$B$2:$B$401,MATCH(1,'Binder Setup'!$G$2:$G$401,0)),"")} -> Foundations | C6: {=IF(B6="","",TEXTJOIN(", ",TRUE(),IF(('Binder Data'!$B$2:$B$6251=B6)*('Binder Data'!$E$2:$E$6251="Y"),'Binder Data'!$G$2:$G$6251,"")))} -> Anim Pakal, Thousandth Moon [Deck 1], Arabella, Abandoned Doll [Deck 1], Blasphemous Act [Deck 1], Castle Embereth [Deck 1], Chief of the Foundry [Deck 1], Clifftop Retreat [Deck 1], Command Beacon [Deck 1], Command Tower [Deck 1], Dark-Dweller Oracle [Deck 1], Demolition Field [Deck 1], Exotic Orchard [Deck 1], Fountainport [Deck 1], Loyal Apprentice [Deck 1], Ornithopter of Paradise [Deck 1], Reckless Fireweaver [Deck 1], Sephara, Sky's Blade [Deck 1] | D6: {=IF(B6="","",INDEX('Binder Setup'!$D$2:$D$401,MATCH(1,'Binder Setup'!$G$2:$G$401,0)))} -> 16 | E6: {=IF(B6="","",INDEX('Binder Setup'!$E$2:$E$401,MATCH(1,'Binder Setup'!$G$2:$G$401,0)))} -> 27.09 | F6: =IF(B6="","",IF(OR(D6>=$D$3,E6>=$E$3),"Pull","Skip: buy elsewhere")) -> Pull | G6: FALSE | I6: Wishlist | J6: TRUE | K6: =IF(I6="","",COUNTIFS('Binder Data'!$Q$2:$Q$6251,I6,'Binder Data'!$D$2:$D$6251,"Needed")) -> 0
A7: =IF(B7="","",2) -> 2 | B7: {=IFERROR(INDEX('Binder Setup'!$B$2:$B$401,MATCH(2,'Binder Setup'!$G$2:$G$401,0)),"")} -> Commander Box | C7: {=IF(B7="","",TEXTJOIN(", ",TRUE(),IF(('Binder Data'!$B$2:$B$6251=B7)*('Binder Data'!$E$2:$E$6251="Y"),'Binder Data'!$G$2:$G$6251,"")))} -> Rose, Cutthroat Raider [Deck 1], Scavenger Grounds [Deck 1], Sentinel Sarah Lyons [Deck 1], Spire of Industry [Deck 1], Steel Overseer [Deck 1], Sunscorched Divide [Deck 1], Talisman of Conviction [Deck 1], Wild Wasteland [Deck 1], Windbrisk Heights [Deck 1] | D7: {=IF(B7="","",INDEX('Binder Setup'!$D$2:$D$401,MATCH(2,'Binder Setup'!$G$2:$G$401,0)))} -> 9 | E7: {=IF(B7="","",INDEX('Binder Setup'!$E$2:$E$401,MATCH(2,'Binder Setup'!$G$2:$G$401,0)))} -> 4.42 | F7: =IF(B7="","",IF(OR(D7>=$D$3,E7>=$E$3),"Pull","Skip: buy elsewhere")) -> Pull | G7: FALSE | I7: Deck 1 | J7: TRUE | K7: =IF(I7="","",COUNTIFS('Binder Data'!$Q$2:$Q$6251,I7,'Binder Data'!$D$2:$D$6251,"Needed")) -> 68
A8: =IF(B8="","",3) -> 3 | B8: {=IFERROR(INDEX('Binder Setup'!$B$2:$B$401,MATCH(3,'Binder Setup'!$G$2:$G$401,0)),"")} -> Secret Lair Drop | C8: {=IF(B8="","",TEXTJOIN(", ",TRUE(),IF(('Binder Data'!$B$2:$B$6251=B8)*('Binder Data'!$E$2:$E$6251="Y"),'Binder Data'!$G$2:$G$6251,"")))} -> Battlefield Forge [Deck 1], Boros Signet [Deck 1], Chandra, Fire Artisan [Deck 1], Hex Magic [Deck 1], Patchwork Banner [Deck 1], Professional Face-Breaker [Deck 1] | D8: {=IF(B8="","",INDEX('Binder Setup'!$D$2:$D$401,MATCH(3,'Binder Setup'!$G$2:$G$401,0)))} -> 6 | E8: {=IF(B8="","",INDEX('Binder Setup'!$E$2:$E$401,MATCH(3,'Binder Setup'!$G$2:$G$401,0)))} -> 116.87 | F8: =IF(B8="","",IF(OR(D8>=$D$3,E8>=$E$3),"Pull","Skip: buy elsewhere")) -> Pull | G8: FALSE | I8: Deck 2 | J8: TRUE | K8: =IF(I8="","",COUNTIFS('Binder Data'!$Q$2:$Q$6251,I8,'Binder Data'!$D$2:$D$6251,"Needed")) -> 0
A9: =IF(B9="","",4) -> 4 | B9: {=IFERROR(INDEX('Binder Setup'!$B$2:$B$401,MATCH(4,'Binder Setup'!$G$2:$G$401,0)),"")} -> Commander Masters | C9: {=IF(B9="","",TEXTJOIN(", ",TRUE(),IF(('Binder Data'!$B$2:$B$6251=B9)*('Binder Data'!$E$2:$E$6251="Y"),'Binder Data'!$G$2:$G$6251,"")))} -> Chandra, Torch of Defiance [Deck 1], Furycalm Snarl [Deck 1], Losheel, Clockwork Scholar [Deck 1], Rugged Prairie [Deck 1] | D9: {=IF(B9="","",INDEX('Binder Setup'!$D$2:$D$401,MATCH(4,'Binder Setup'!$G$2:$G$401,0)))} -> 4 | E9: {=IF(B9="","",INDEX('Binder Setup'!$E$2:$E$401,MATCH(4,'Binder Setup'!$G$2:$G$401,0)))} -> 6.97 | F9: =IF(B9="","",IF(OR(D9>=$D$3,E9>=$E$3),"Pull","Skip: buy elsewhere")) -> Pull | G9: FALSE | I9: Deck 3 | J9: TRUE | K9: =IF(I9="","",COUNTIFS('Binder Data'!$Q$2:$Q$6251,I9,'Binder Data'!$D$2:$D$6251,"Needed")) -> 0
A10: =IF(B10="","",5) -> 5 | B10: {=IFERROR(INDEX('Binder Setup'!$B$2:$B$401,MATCH(5,'Binder Setup'!$G$2:$G$401,0)),"")} -> Tarkir: Dragonstorm Commander | C10: {=IF(B10="","",TEXTJOIN(", ",TRUE(),IF(('Binder Data'!$B$2:$B$6251=B10)*('Binder Data'!$E$2:$E$6251="Y"),'Binder Data'!$G$2:$G$6251,"")))} -> Welcoming Vampire [Deck 1] | D10: {=IF(B10="","",INDEX('Binder Setup'!$D$2:$D$401,MATCH(5,'Binder Setup'!$G$2:$G$401,0)))} -> 1 | E10: {=IF(B10="","",INDEX('Binder Setup'!$E$2:$E$401,MATCH(5,'Binder Setup'!$G$2:$G$401,0)))} -> 3.22 | F10: =IF(B10="","",IF(OR(D10>=$D$3,E10>=$E$3),"Pull","Skip: buy elsewhere")) -> Pull | G10: FALSE | I10: Deck 4 | J10: TRUE | K10: =IF(I10="","",COUNTIFS('Binder Data'!$Q$2:$Q$6251,I10,'Binder Data'!$D$2:$D$6251,"Needed")) -> 0
A11: =IF(B11="","",6) -> 6 | B11: {=IFERROR(INDEX('Binder Setup'!$B$2:$B$401,MATCH(6,'Binder Setup'!$G$2:$G$401,0)),"")} -> Secrets of Strixhaven Commander | C11: {=IF(B11="","",TEXTJOIN(", ",TRUE(),IF(('Binder Data'!$B$2:$B$6251=B11)*('Binder Data'!$E$2:$E$6251="Y"),'Binder Data'!$G$2:$G$6251,"")))} -> Laelia, the Blade Reforged [Deck 1], Radiant Summit [Deck 1] | D11: {=IF(B11="","",INDEX('Binder Setup'!$D$2:$D$401,MATCH(6,'Binder Setup'!$G$2:$G$401,0)))} -> 2 | E11: {=IF(B11="","",INDEX('Binder Setup'!$E$2:$E$401,MATCH(6,'Binder Setup'!$G$2:$G$401,0)))} -> 0.77 | F11: =IF(B11="","",IF(OR(D11>=$D$3,E11>=$E$3),"Pull","Skip: buy elsewhere")) -> Pull | G11: FALSE | I11: Deck 5 | J11: TRUE | K11: =IF(I11="","",COUNTIFS('Binder Data'!$Q$2:$Q$6251,I11,'Binder Data'!$D$2:$D$6251,"Needed")) -> 0
A12: =IF(B12="","",7) -> 7 | B12: {=IFERROR(INDEX('Binder Setup'!$B$2:$B$401,MATCH(7,'Binder Setup'!$G$2:$G$401,0)),"")} -> Commander 2021 | C12: {=IF(B12="","",TEXTJOIN(", ",TRUE(),IF(('Binder Data'!$B$2:$B$6251=B12)*('Binder Data'!$E$2:$E$6251="Y"),'Binder Data'!$G$2:$G$6251,"")))} -> Jor Kadeen, the Prevailer [Deck 1], Pia Nalaar [Deck 1] | D12: {=IF(B12="","",INDEX('Binder Setup'!$D$2:$D$401,MATCH(7,'Binder Setup'!$G$2:$G$401,0)))} -> 2 | E12: {=IF(B12="","",INDEX('Binder Setup'!$E$2:$E$401,MATCH(7,'Binder Setup'!$G$2:$G$401,0)))} -> 0.6 | F12: =IF(B12="","",IF(OR(D12>=$D$3,E12>=$E$3),"Pull","Skip: buy elsewhere")) -> Pull | G12: FALSE | J12: FALSE | K12: =IF(I12="","",COUNTIFS('Binder Data'!$Q$2:$Q$6251,I12,'Binder Data'!$D$2:$D$6251,"Needed"))
A13: =IF(B13="","",8) -> 8 | B13: {=IFERROR(INDEX('Binder Setup'!$B$2:$B$401,MATCH(8,'Binder Setup'!$G$2:$G$401,0)),"")} -> Edge of Eternities Commander | C13: {=IF(B13="","",TEXTJOIN(", ",TRUE(),IF(('Binder Data'!$B$2:$B$6251=B13)*('Binder Data'!$E$2:$E$6251="Y"),'Binder Data'!$G$2:$G$6251,"")))} -> Long-Range Sensor [Deck 1] | D13: {=IF(B13="","",INDEX('Binder Setup'!$D$2:$D$401,MATCH(8,'Binder Setup'!$G$2:$G$401,0)))} -> 1 | E13: {=IF(B13="","",INDEX('Binder Setup'!$E$2:$E$401,MATCH(8,'Binder Setup'!$G$2:$G$401,0)))} -> 0.28 | F13: =IF(B13="","",IF(OR(D13>=$D$3,E13>=$E$3),"Pull","Skip: buy elsewhere")) -> Skip: buy elsewhere | G13: FALSE | J13: FALSE | K13: =IF(I13="","",COUNTIFS('Binder Data'!$Q$2:$Q$6251,I13,'Binder Data'!$D$2:$D$6251,"Needed"))
A14: =IF(B14="","",9) -> 9 | B14: {=IFERROR(INDEX('Binder Setup'!$B$2:$B$401,MATCH(9,'Binder Setup'!$G$2:$G$401,0)),"")} -> Phyrexia: All Will Be One Commander | C14: {=IF(B14="","",TEXTJOIN(", ",TRUE(),IF(('Binder Data'!$B$2:$B$6251=B14)*('Binder Data'!$E$2:$E$6251="Y"),'Binder Data'!$G$2:$G$6251,"")))} -> Neyali, Suns' Vanguard [Deck 1] | D14: {=IF(B14="","",INDEX('Binder Setup'!$D$2:$D$401,MATCH(9,'Binder Setup'!$G$2:$G$401,0)))} -> 1 | E14: {=IF(B14="","",INDEX('Binder Setup'!$E$2:$E$401,MATCH(9,'Binder Setup'!$G$2:$G$401,0)))} -> 0.39 | F14: =IF(B14="","",IF(OR(D14>=$D$3,E14>=$E$3),"Pull","Skip: buy elsewhere")) -> Skip: buy elsewhere | G14: FALSE | J14: FALSE | K14: =IF(I14="","",COUNTIFS('Binder Data'!$Q$2:$Q$6251,I14,'Binder Data'!$D$2:$D$6251,"Needed"))
A15: =IF(B15="","",10) -> 10 | B15: {=IFERROR(INDEX('Binder Setup'!$B$2:$B$401,MATCH(10,'Binder Setup'!$G$2:$G$401,0)),"")} -> Aetherdrift Commander | C15: {=IF(B15="","",TEXTJOIN(", ",TRUE(),IF(('Binder Data'!$B$2:$B$6251=B15)*('Binder Data'!$E$2:$E$6251="Y"),'Binder Data'!$G$2:$G$6251,"")))} -> Retrofitter Foundry [Deck 1], Stridehangar Automaton [Deck 1] | D15: {=IF(B15="","",INDEX('Binder Setup'!$D$2:$D$401,MATCH(10,'Binder Setup'!$G$2:$G$401,0)))} -> 2 | E15: {=IF(B15="","",INDEX('Binder Setup'!$E$2:$E$401,MATCH(10,'Binder Setup'!$G$2:$G$401,0)))} -> 2.55 | F15: =IF(B15="","",IF(OR(D15>=$D$3,E15>=$E$3),"Pull","Skip: buy elsewhere")) -> Pull | G15: FALSE | J15: FALSE | K15: =IF(I15="","",COUNTIFS('Binder Data'!$Q$2:$Q$6251,I15,'Binder Data'!$D$2:$D$6251,"Needed"))
A16: =IF(B16="","",11) -> 11 | B16: {=IFERROR(INDEX('Binder Setup'!$B$2:$B$401,MATCH(11,'Binder Setup'!$G$2:$G$401,0)),"")} -> Foundations Commander | C16: {=IF(B16="","",TEXTJOIN(", ",TRUE(),IF(('Binder Data'!$B$2:$B$6251=B16)*('Binder Data'!$E$2:$E$6251="Y"),'Binder Data'!$G$2:$G$6251,"")))} -> Count on Luck [Deck 1] | D16: {=IF(B16="","",INDEX('Binder Setup'!$D$2:$D$401,MATCH(11,'Binder Setup'!$G$2:$G$401,0)))} -> 1 | E16: {=IF(B16="","",INDEX('Binder Setup'!$E$2:$E$401,MATCH(11,'Binder Setup'!$G$2:$G$401,0)))} -> 0.32 | F16: =IF(B16="","",IF(OR(D16>=$D$3,E16>=$E$3),"Pull","Skip: buy elsewhere")) -> Skip: buy elsewhere | G16: FALSE | J16: FALSE | K16: =IF(I16="","",COUNTIFS('Binder Data'!$Q$2:$Q$6251,I16,'Binder Data'!$D$2:$D$6251,"Needed"))
A17: =IF(B17="","",12) -> 12 | B17: {=IFERROR(INDEX('Binder Setup'!$B$2:$B$401,MATCH(12,'Binder Setup'!$G$2:$G$401,0)),"")} -> The Brothers' War Commander | C17: {=IF(B17="","",TEXTJOIN(", ",TRUE(),IF(('Binder Data'!$B$2:$B$6251=B17)*('Binder Data'!$E$2:$E$6251="Y"),'Binder Data'!$G$2:$G$6251,"")))} -> Thopter Shop [Deck 1] | D17: {=IF(B17="","",INDEX('Binder Setup'!$D$2:$D$401,MATCH(12,'Binder Setup'!$G$2:$G$401,0)))} -> 1 | E17: {=IF(B17="","",INDEX('Binder Setup'!$E$2:$E$401,MATCH(12,'Binder Setup'!$G$2:$G$401,0)))} -> 0.47 | F17: =IF(B17="","",IF(OR(D17>=$D$3,E17>=$E$3),"Pull","Skip: buy elsewhere")) -> Skip: buy elsewhere | G17: FALSE | J17: FALSE | K17: =IF(I17="","",COUNTIFS('Binder Data'!$Q$2:$Q$6251,I17,'Binder Data'!$D$2:$D$6251,"Needed"))
A18: =IF(B18="","",13) -> 13 | B18: {=IFERROR(INDEX('Binder Setup'!$B$2:$B$401,MATCH(13,'Binder Setup'!$G$2:$G$401,0)),"")} -> Commander Legends: Battle for Baldur's Gate | C18: {=IF(B18="","",TEXTJOIN(", ",TRUE(),IF(('Binder Data'!$B$2:$B$6251=B18)*('Binder Data'!$E$2:$E$6251="Y"),'Binder Data'!$G$2:$G$6251,"")))} -> Ingenious Artillerist [Deck 1] | D18: {=IF(B18="","",INDEX('Binder Setup'!$D$2:$D$401,MATCH(13,'Binder Setup'!$G$2:$G$401,0)))} -> 1 | E18: {=IF(B18="","",INDEX('Binder Setup'!$E$2:$E$401,MATCH(13,'Binder Setup'!$G$2:$G$401,0)))} -> 2.21 | F18: =IF(B18="","",IF(OR(D18>=$D$3,E18>=$E$3),"Pull","Skip: buy elsewhere")) -> Pull | G18: FALSE | J18: FALSE | K18: =IF(I18="","",COUNTIFS('Binder Data'!$Q$2:$Q$6251,I18,'Binder Data'!$D$2:$D$6251,"Needed"))
A19: =IF(B19="","",14) -> 14 | B19: {=IFERROR(INDEX('Binder Setup'!$B$2:$B$401,MATCH(14,'Binder Setup'!$G$2:$G$401,0)),"")} -> Doctor Who | C19: {=IF(B19="","",TEXTJOIN(", ",TRUE(),IF(('Binder Data'!$B$2:$B$6251=B19)*('Binder Data'!$E$2:$E$6251="Y"),'Binder Data'!$G$2:$G$6251,"")))} -> Sunbaked Canyon [Deck 1], Sundown Pass [Deck 1] | D19: {=IF(B19="","",INDEX('Binder Setup'!$D$2:$D$401,MATCH(14,'Binder Setup'!$G$2:$G$401,0)))} -> 2 | E19: {=IF(B19="","",INDEX('Binder Setup'!$E$2:$E$401,MATCH(14,'Binder Setup'!$G$2:$G$401,0)))} -> 7.45 | F19: =IF(B19="","",IF(OR(D19>=$D$3,E19>=$E$3),"Pull","Skip: buy elsewhere")) -> Pull | G19: FALSE | J19: FALSE | K19: =IF(I19="","",COUNTIFS('Binder Data'!$Q$2:$Q$6251,I19,'Binder Data'!$D$2:$D$6251,"Needed"))
A20: =IF(B20="","",15) -> 15 | B20: {=IFERROR(INDEX('Binder Setup'!$B$2:$B$401,MATCH(15,'Binder Setup'!$G$2:$G$401,0)),"")} -> Kaladesh | C20: {=IF(B20="","",TEXTJOIN(", ",TRUE(),IF(('Binder Data'!$B$2:$B$6251=B20)*('Binder Data'!$E$2:$E$6251="Y"),'Binder Data'!$G$2:$G$6251,"")))} -> Master Trinketeer [Deck 1] | D20: {=IF(B20="","",INDEX('Binder Setup'!$D$2:$D$401,MATCH(15,'Binder Setup'!$G$2:$G$401,0)))} -> 1 | E20: {=IF(B20="","",INDEX('Binder Setup'!$E$2:$E$401,MATCH(15,'Binder Setup'!$G$2:$G$401,0)))} -> 0.24 | F20: =IF(B20="","",IF(OR(D20>=$D$3,E20>=$E$3),"Pull","Skip: buy elsewhere")) -> Skip: buy elsewhere | G20: FALSE | J20: FALSE | K20: =IF(I20="","",COUNTIFS('Binder Data'!$Q$2:$Q$6251,I20,'Binder Data'!$D$2:$D$6251,"Needed"))
A21: =IF(B21="","",16) -> 16 | B21: {=IFERROR(INDEX('Binder Setup'!$B$2:$B$401,MATCH(16,'Binder Setup'!$G$2:$G$401,0)),"")} -> March of the Machine Commander | C21: {=IF(B21="","",TEXTJOIN(", ",TRUE(),IF(('Binder Data'!$B$2:$B$6251=B21)*('Binder Data'!$E$2:$E$6251="Y"),'Binder Data'!$G$2:$G$6251,"")))} -> Hedron Detonator [Deck 1] | D21: {=IF(B21="","",INDEX('Binder Setup'!$D$2:$D$401,MATCH(16,'Binder Setup'!$G$2:$G$401,0)))} -> 1 | E21: {=IF(B21="","",INDEX('Binder Setup'!$E$2:$E$401,MATCH(16,'Binder Setup'!$G$2:$G$401,0)))} -> 7.65 | F21: =IF(B21="","",IF(OR(D21>=$D$3,E21>=$E$3),"Pull","Skip: buy elsewhere")) -> Pull | G21: FALSE | J21: FALSE | K21: =IF(I21="","",COUNTIFS('Binder Data'!$Q$2:$Q$6251,I21,'Binder Data'!$D$2:$D$6251,"Needed"))
A22: =IF(B22="","",17) -> 17 | B22: {=IFERROR(INDEX('Binder Setup'!$B$2:$B$401,MATCH(17,'Binder Setup'!$G$2:$G$401,0)),"")} -> Modern Horizons 3 | C22: {=IF(B22="","",TEXTJOIN(", ",TRUE(),IF(('Binder Data'!$B$2:$B$6251=B22)*('Binder Data'!$E$2:$E$6251="Y"),'Binder Data'!$G$2:$G$6251,"")))} -> Molten Gatekeeper [Deck 1], Party Thrasher [Deck 1], Unstable Amulet [Deck 1] | D22: {=IF(B22="","",INDEX('Binder Setup'!$D$2:$D$401,MATCH(17,'Binder Setup'!$G$2:$G$401,0)))} -> 3 | E22: {=IF(B22="","",INDEX('Binder Setup'!$E$2:$E$401,MATCH(17,'Binder Setup'!$G$2:$G$401,0)))} -> 1.02 | F22: =IF(B22="","",IF(OR(D22>=$D$3,E22>=$E$3),"Pull","Skip: buy elsewhere")) -> Pull | G22: FALSE | J22: FALSE | K22: =IF(I22="","",COUNTIFS('Binder Data'!$Q$2:$Q$6251,I22,'Binder Data'!$D$2:$D$6251,"Needed"))
A23: =IF(B23="","",18) -> 18 | B23: {=IFERROR(INDEX('Binder Setup'!$B$2:$B$401,MATCH(18,'Binder Setup'!$G$2:$G$401,0)),"")} -> Duskmourn: House of Horror | C23: {=IF(B23="","",TEXTJOIN(", ",TRUE(),IF(('Binder Data'!$B$2:$B$6251=B23)*('Binder Data'!$E$2:$E$6251="Y"),'Binder Data'!$G$2:$G$6251,"")))} -> Dollmaker's Shop // Porcelain Gallery [Deck 1] | D23: {=IF(B23="","",INDEX('Binder Setup'!$D$2:$D$401,MATCH(18,'Binder Setup'!$G$2:$G$401,0)))} -> 1 | E23: {=IF(B23="","",INDEX('Binder Setup'!$E$2:$E$401,MATCH(18,'Binder Setup'!$G$2:$G$401,0)))} -> 5.99 | F23: =IF(B23="","",IF(OR(D23>=$D$3,E23>=$E$3),"Pull","Skip: buy elsewhere")) -> Pull | G23: FALSE | J23: FALSE | K23: =IF(I23="","",COUNTIFS('Binder Data'!$Q$2:$Q$6251,I23,'Binder Data'!$D$2:$D$6251,"Needed"))
A24: =IF(B24="","",19) -> 19 | B24: {=IFERROR(INDEX('Binder Setup'!$B$2:$B$401,MATCH(19,'Binder Setup'!$G$2:$G$401,0)),"")} -> Marvel's Spider-Man | C24: {=IF(B24="","",TEXTJOIN(", ",TRUE(),IF(('Binder Data'!$B$2:$B$6251=B24)*('Binder Data'!$E$2:$E$6251="Y"),'Binder Data'!$G$2:$G$6251,"")))} -> Interdimensional Web Watch [Deck 1], Shadow of the Goblin [Deck 1] | D24: {=IF(B24="","",INDEX('Binder Setup'!$D$2:$D$401,MATCH(19,'Binder Setup'!$G$2:$G$401,0)))} -> 2 | E24: {=IF(B24="","",INDEX('Binder Setup'!$E$2:$E$401,MATCH(19,'Binder Setup'!$G$2:$G$401,0)))} -> 1.03 | F24: =IF(B24="","",IF(OR(D24>=$D$3,E24>=$E$3),"Pull","Skip: buy elsewhere")) -> Pull | G24: FALSE | J24: FALSE | K24: =IF(I24="","",COUNTIFS('Binder Data'!$Q$2:$Q$6251,I24,'Binder Data'!$D$2:$D$6251,"Needed"))
A25: =IF(B25="","",20) -> 20 | B25: {=IFERROR(INDEX('Binder Setup'!$B$2:$B$401,MATCH(20,'Binder Setup'!$G$2:$G$401,0)),"")} -> Modern Horizons 2 | C25: {=IF(B25="","",TEXTJOIN(", ",TRUE(),IF(('Binder Data'!$B$2:$B$6251=B25)*('Binder Data'!$E$2:$E$6251="Y"),'Binder Data'!$G$2:$G$6251,"")))} -> Breya's Apprentice [Deck 1] | D25: {=IF(B25="","",INDEX('Binder Setup'!$D$2:$D$401,MATCH(20,'Binder Setup'!$G$2:$G$401,0)))} -> 1 | E25: {=IF(B25="","",INDEX('Binder Setup'!$E$2:$E$401,MATCH(20,'Binder Setup'!$G$2:$G$401,0)))} -> 0.36 | F25: =IF(B25="","",IF(OR(D25>=$D$3,E25>=$E$3),"Pull","Skip: buy elsewhere")) -> Skip: buy elsewhere | G25: FALSE | J25: FALSE | K25: =IF(I25="","",COUNTIFS('Binder Data'!$Q$2:$Q$6251,I25,'Binder Data'!$D$2:$D$6251,"Needed"))
A26: =IF(B26="","",21) -> 21 | B26: {=IFERROR(INDEX('Binder Setup'!$B$2:$B$401,MATCH(21,'Binder Setup'!$G$2:$G$401,0)),"")} -> Secrets of Strixhaven | C26: {=IF(B26="","",TEXTJOIN(", ",TRUE(),IF(('Binder Data'!$B$2:$B$6251=B26)*('Binder Data'!$E$2:$E$6251="Y"),'Binder Data'!$G$2:$G$6251,"")))} -> Improvisation Capstone [Deck 1] | D26: {=IF(B26="","",INDEX('Binder Setup'!$D$2:$D$401,MATCH(21,'Binder Setup'!$G$2:$G$401,0)))} -> 1 | E26: {=IF(B26="","",INDEX('Binder Setup'!$E$2:$E$401,MATCH(21,'Binder Setup'!$G$2:$G$401,0)))} -> 9.83 | F26: =IF(B26="","",IF(OR(D26>=$D$3,E26>=$E$3),"Pull","Skip: buy elsewhere")) -> Pull | G26: FALSE | J26: FALSE | K26: =IF(I26="","",COUNTIFS('Binder Data'!$Q$2:$Q$6251,I26,'Binder Data'!$D$2:$D$6251,"Needed"))
A27: =IF(B27="","",22) -> 22 | B27: {=IFERROR(INDEX('Binder Setup'!$B$2:$B$401,MATCH(22,'Binder Setup'!$G$2:$G$401,0)),"")} -> Streets of New Capenna | C27: {=IF(B27="","",TEXTJOIN(", ",TRUE(),IF(('Binder Data'!$B$2:$B$6251=B27)*('Binder Data'!$E$2:$E$6251="Y"),'Binder Data'!$G$2:$G$6251,"")))} -> Witty Roastmaster [Deck 1] | D27: {=IF(B27="","",INDEX('Binder Setup'!$D$2:$D$401,MATCH(22,'Binder Setup'!$G$2:$G$401,0)))} -> 1 | E27: {=IF(B27="","",INDEX('Binder Setup'!$E$2:$E$401,MATCH(22,'Binder Setup'!$G$2:$G$401,0)))} -> 0.93 | F27: =IF(B27="","",IF(OR(D27>=$D$3,E27>=$E$3),"Pull","Skip: buy elsewhere")) -> Skip: buy elsewhere | G27: FALSE | J27: FALSE | K27: =IF(I27="","",COUNTIFS('Binder Data'!$Q$2:$Q$6251,I27,'Binder Data'!$D$2:$D$6251,"Needed"))
A28: =IF(B28="","",23) -> 23 | B28: {=IFERROR(INDEX('Binder Setup'!$B$2:$B$401,MATCH(23,'Binder Setup'!$G$2:$G$401,0)),"")} -> The Lost Caverns of Ixalan | C28: {=IF(B28="","",TEXTJOIN(", ",TRUE(),IF(('Binder Data'!$B$2:$B$6251=B28)*('Binder Data'!$E$2:$E$6251="Y"),'Binder Data'!$G$2:$G$6251,"")))} -> Bonehoard Dracosaur [Deck 1] | D28: {=IF(B28="","",INDEX('Binder Setup'!$D$2:$D$401,MATCH(23,'Binder Setup'!$G$2:$G$401,0)))} -> 1 | E28: {=IF(B28="","",INDEX('Binder Setup'!$E$2:$E$401,MATCH(23,'Binder Setup'!$G$2:$G$401,0)))} -> 14.99 | F28: =IF(B28="","",IF(OR(D28>=$D$3,E28>=$E$3),"Pull","Skip: buy elsewhere")) -> Pull | G28: FALSE | J28: FALSE | K28: =IF(I28="","",COUNTIFS('Binder Data'!$Q$2:$Q$6251,I28,'Binder Data'!$D$2:$D$6251,"Needed"))
A29: =IF(B29="","",24) -> 24 | B29: {=IFERROR(INDEX('Binder Setup'!$B$2:$B$401,MATCH(24,'Binder Setup'!$G$2:$G$401,0)),"")} -> Edge of Eternities | C29: {=IF(B29="","",TEXTJOIN(", ",TRUE(),IF(('Binder Data'!$B$2:$B$6251=B29)*('Binder Data'!$E$2:$E$6251="Y"),'Binder Data'!$G$2:$G$6251,"")))} -> Weftstalker Ardent [Deck 1] | D29: {=IF(B29="","",INDEX('Binder Setup'!$D$2:$D$401,MATCH(24,'Binder Setup'!$G$2:$G$401,0)))} -> 1 | E29: {=IF(B29="","",INDEX('Binder Setup'!$E$2:$E$401,MATCH(24,'Binder Setup'!$G$2:$G$401,0)))} -> 2.69 | F29: =IF(B29="","",IF(OR(D29>=$D$3,E29>=$E$3),"Pull","Skip: buy elsewhere")) -> Pull | G29: FALSE | J29: FALSE | K29: =IF(I29="","",COUNTIFS('Binder Data'!$Q$2:$Q$6251,I29,'Binder Data'!$D$2:$D$6251,"Needed"))
A30: =IF(B30="","",25) -> 25 | B30: {=IFERROR(INDEX('Binder Setup'!$B$2:$B$401,MATCH(25,'Binder Setup'!$G$2:$G$401,0)),"")} -> March of the Machine | C30: {=IF(B30="","",TEXTJOIN(", ",TRUE(),IF(('Binder Data'!$B$2:$B$6251=B30)*('Binder Data'!$E$2:$E$6251="Y"),'Binder Data'!$G$2:$G$6251,"")))} -> Invasion of Kaldheim // Pyre of the World Tree [Deck 1] | D30: {=IF(B30="","",INDEX('Binder Setup'!$D$2:$D$401,MATCH(25,'Binder Setup'!$G$2:$G$401,0)))} -> 1 | E30: {=IF(B30="","",INDEX('Binder Setup'!$E$2:$E$401,MATCH(25,'Binder Setup'!$G$2:$G$401,0)))} -> 0.39 | F30: =IF(B30="","",IF(OR(D30>=$D$3,E30>=$E$3),"Pull","Skip: buy elsewhere")) -> Skip: buy elsewhere | G30: FALSE | J30: FALSE | K30: =IF(I30="","",COUNTIFS('Binder Data'!$Q$2:$Q$6251,I30,'Binder Data'!$D$2:$D$6251,"Needed"))
A31: =IF(B31="","",26) -> 26 | B31: {=IFERROR(INDEX('Binder Setup'!$B$2:$B$401,MATCH(26,'Binder Setup'!$G$2:$G$401,0)),"")} -> March of the Machine: The Aftermath | C31: {=IF(B31="","",TEXTJOIN(", ",TRUE(),IF(('Binder Data'!$B$2:$B$6251=B31)*('Binder Data'!$E$2:$E$6251="Y"),'Binder Data'!$G$2:$G$6251,"")))} -> Pia Nalaar, Consul of Revival [Deck 1] | D31: {=IF(B31="","",INDEX('Binder Setup'!$D$2:$D$401,MATCH(26,'Binder Setup'!$G$2:$G$401,0)))} -> 1 | E31: {=IF(B31="","",INDEX('Binder Setup'!$E$2:$E$401,MATCH(26,'Binder Setup'!$G$2:$G$401,0)))} -> 0.52 | F31: =IF(B31="","",IF(OR(D31>=$D$3,E31>=$E$3),"Pull","Skip: buy elsewhere")) -> Skip: buy elsewhere | G31: FALSE
A32: =IF(B32="","",27) -> 27 | B32: {=IFERROR(INDEX('Binder Setup'!$B$2:$B$401,MATCH(27,'Binder Setup'!$G$2:$G$401,0)),"")} -> Tarkir: Dragonstorm | C32: {=IF(B32="","",TEXTJOIN(", ",TRUE(),IF(('Binder Data'!$B$2:$B$6251=B32)*('Binder Data'!$E$2:$E$6251="Y"),'Binder Data'!$G$2:$G$6251,"")))} -> Cori Mountain Monastery [Deck 1] | D32: {=IF(B32="","",INDEX('Binder Setup'!$D$2:$D$401,MATCH(27,'Binder Setup'!$G$2:$G$401,0)))} -> 1 | E32: {=IF(B32="","",INDEX('Binder Setup'!$E$2:$E$401,MATCH(27,'Binder Setup'!$G$2:$G$401,0)))} -> 1.16 | F32: =IF(B32="","",IF(OR(D32>=$D$3,E32>=$E$3),"Pull","Skip: buy elsewhere")) -> Pull | G32: FALSE | I32: Every tab with "In Collection?" in A1 is a list, in tab order, up to 25. Added, renamed or moved a list tab? Reload the sheet or run Card Finder > Refresh lists. Ticks stay with their list.
A33: =IF(B33="","",28) -> 28 | B33: {=IFERROR(INDEX('Binder Setup'!$B$2:$B$401,MATCH(28,'Binder Setup'!$G$2:$G$401,0)),"")} -> The Hobbit | C33: {=IF(B33="","",TEXTJOIN(", ",TRUE(),IF(('Binder Data'!$B$2:$B$6251=B33)*('Binder Data'!$E$2:$E$6251="Y"),'Binder Data'!$G$2:$G$6251,"")))} -> Belladonna Took [Deck 1] | D33: {=IF(B33="","",INDEX('Binder Setup'!$D$2:$D$401,MATCH(28,'Binder Setup'!$G$2:$G$401,0)))} -> 1 | E33: {=IF(B33="","",INDEX('Binder Setup'!$E$2:$E$401,MATCH(28,'Binder Setup'!$G$2:$G$401,0)))} -> 2.43 | F33: =IF(B33="","",IF(OR(D33>=$D$3,E33>=$E$3),"Pull","Skip: buy elsewhere")) -> Pull | G33: FALSE
A34: =IF(B34="","",29) | B34: {=IFERROR(INDEX('Binder Setup'!$B$2:$B$401,MATCH(29,'Binder Setup'!$G$2:$G$401,0)),"")} | C34: {=IF(B34="","",TEXTJOIN(", ",TRUE(),IF(('Binder Data'!$B$2:$B$6251=B34)*('Binder Data'!$E$2:$E$6251="Y"),'Binder Data'!$G$2:$G$6251,"")))} | D34: {=IF(B34="","",INDEX('Binder Setup'!$D$2:$D$401,MATCH(29,'Binder Setup'!$G$2:$G$401,0)))} | E34: {=IF(B34="","",INDEX('Binder Setup'!$E$2:$E$401,MATCH(29,'Binder Setup'!$G$2:$G$401,0)))} | F34: =IF(B34="","",IF(OR(D34>=$D$3,E34>=$E$3),"Pull","Skip: buy elsewhere")) | G34: FALSE
A35: =IF(B35="","",30) | B35: {=IFERROR(INDEX('Binder Setup'!$B$2:$B$401,MATCH(30,'Binder Setup'!$G$2:$G$401,0)),"")} | C35: {=IF(B35="","",TEXTJOIN(", ",TRUE(),IF(('Binder Data'!$B$2:$B$6251=B35)*('Binder Data'!$E$2:$E$6251="Y"),'Binder Data'!$G$2:$G$6251,"")))} | D35: {=IF(B35="","",INDEX('Binder Setup'!$D$2:$D$401,MATCH(30,'Binder Setup'!$G$2:$G$401,0)))} | E35: {=IF(B35="","",INDEX('Binder Setup'!$E$2:$E$401,MATCH(30,'Binder Setup'!$G$2:$G$401,0)))} | F35: =IF(B35="","",IF(OR(D35>=$D$3,E35>=$E$3),"Pull","Skip: buy elsewhere")) | G35: FALSE
A36: =IF(B36="","",31) | B36: {=IFERROR(INDEX('Binder Setup'!$B$2:$B$401,MATCH(31,'Binder Setup'!$G$2:$G$401,0)),"")} | C36: {=IF(B36="","",TEXTJOIN(", ",TRUE(),IF(('Binder Data'!$B$2:$B$6251=B36)*('Binder Data'!$E$2:$E$6251="Y"),'Binder Data'!$G$2:$G$6251,"")))} | D36: {=IF(B36="","",INDEX('Binder Setup'!$D$2:$D$401,MATCH(31,'Binder Setup'!$G$2:$G$401,0)))} | E36: {=IF(B36="","",INDEX('Binder Setup'!$E$2:$E$401,MATCH(31,'Binder Setup'!$G$2:$G$401,0)))} | F36: =IF(B36="","",IF(OR(D36>=$D$3,E36>=$E$3),"Pull","Skip: buy elsewhere")) | G36: FALSE
A37: =IF(B37="","",32) | B37: {=IFERROR(INDEX('Binder Setup'!$B$2:$B$401,MATCH(32,'Binder Setup'!$G$2:$G$401,0)),"")} | C37: {=IF(B37="","",TEXTJOIN(", ",TRUE(),IF(('Binder Data'!$B$2:$B$6251=B37)*('Binder Data'!$E$2:$E$6251="Y"),'Binder Data'!$G$2:$G$6251,"")))} | D37: {=IF(B37="","",INDEX('Binder Setup'!$D$2:$D$401,MATCH(32,'Binder Setup'!$G$2:$G$401,0)))} | E37: {=IF(B37="","",INDEX('Binder Setup'!$E$2:$E$401,MATCH(32,'Binder Setup'!$G$2:$G$401,0)))} | F37: =IF(B37="","",IF(OR(D37>=$D$3,E37>=$E$3),"Pull","Skip: buy elsewhere")) | G37: FALSE
A38: =IF(B38="","",33) | B38: {=IFERROR(INDEX('Binder Setup'!$B$2:$B$401,MATCH(33,'Binder Setup'!$G$2:$G$401,0)),"")} | C38: {=IF(B38="","",TEXTJOIN(", ",TRUE(),IF(('Binder Data'!$B$2:$B$6251=B38)*('Binder Data'!$E$2:$E$6251="Y"),'Binder Data'!$G$2:$G$6251,"")))} | D38: {=IF(B38="","",INDEX('Binder Setup'!$D$2:$D$401,MATCH(33,'Binder Setup'!$G$2:$G$401,0)))} | E38: {=IF(B38="","",INDEX('Binder Setup'!$E$2:$E$401,MATCH(33,'Binder Setup'!$G$2:$G$401,0)))} | F38: =IF(B38="","",IF(OR(D38>=$D$3,E38>=$E$3),"Pull","Skip: buy elsewhere")) | G38: FALSE
A39: =IF(B39="","",34) | B39: {=IFERROR(INDEX('Binder Setup'!$B$2:$B$401,MATCH(34,'Binder Setup'!$G$2:$G$401,0)),"")} | C39: {=IF(B39="","",TEXTJOIN(", ",TRUE(),IF(('Binder Data'!$B$2:$B$6251=B39)*('Binder Data'!$E$2:$E$6251="Y"),'Binder Data'!$G$2:$G$6251,"")))} | D39: {=IF(B39="","",INDEX('Binder Setup'!$D$2:$D$401,MATCH(34,'Binder Setup'!$G$2:$G$401,0)))} | E39: {=IF(B39="","",INDEX('Binder Setup'!$E$2:$E$401,MATCH(34,'Binder Setup'!$G$2:$G$401,0)))} | F39: =IF(B39="","",IF(OR(D39>=$D$3,E39>=$E$3),"Pull","Skip: buy elsewhere")) | G39: FALSE
A40: =IF(B40="","",35) | B40: {=IFERROR(INDEX('Binder Setup'!$B$2:$B$401,MATCH(35,'Binder Setup'!$G$2:$G$401,0)),"")} | C40: {=IF(B40="","",TEXTJOIN(", ",TRUE(),IF(('Binder Data'!$B$2:$B$6251=B40)*('Binder Data'!$E$2:$E$6251="Y"),'Binder Data'!$G$2:$G$6251,"")))} | D40: {=IF(B40="","",INDEX('Binder Setup'!$D$2:$D$401,MATCH(35,'Binder Setup'!$G$2:$G$401,0)))} | E40: {=IF(B40="","",INDEX('Binder Setup'!$E$2:$E$401,MATCH(35,'Binder Setup'!$G$2:$G$401,0)))} | F40: =IF(B40="","",IF(OR(D40>=$D$3,E40>=$E$3),"Pull","Skip: buy elsewhere")) | G40: FALSE
A41: =IF(B41="","",36) | B41: {=IFERROR(INDEX('Binder Setup'!$B$2:$B$401,MATCH(36,'Binder Setup'!$G$2:$G$401,0)),"")} | C41: {=IF(B41="","",TEXTJOIN(", ",TRUE(),IF(('Binder Data'!$B$2:$B$6251=B41)*('Binder Data'!$E$2:$E$6251="Y"),'Binder Data'!$G$2:$G$6251,"")))} | D41: {=IF(B41="","",INDEX('Binder Setup'!$D$2:$D$401,MATCH(36,'Binder Setup'!$G$2:$G$401,0)))} | E41: {=IF(B41="","",INDEX('Binder Setup'!$E$2:$E$401,MATCH(36,'Binder Setup'!$G$2:$G$401,0)))} | F41: =IF(B41="","",IF(OR(D41>=$D$3,E41>=$E$3),"Pull","Skip: buy elsewhere")) | G41: FALSE
A42: =IF(B42="","",37) | B42: {=IFERROR(INDEX('Binder Setup'!$B$2:$B$401,MATCH(37,'Binder Setup'!$G$2:$G$401,0)),"")} | C42: {=IF(B42="","",TEXTJOIN(", ",TRUE(),IF(('Binder Data'!$B$2:$B$6251=B42)*('Binder Data'!$E$2:$E$6251="Y"),'Binder Data'!$G$2:$G$6251,"")))} | D42: {=IF(B42="","",INDEX('Binder Setup'!$D$2:$D$401,MATCH(37,'Binder Setup'!$G$2:$G$401,0)))} | E42: {=IF(B42="","",INDEX('Binder Setup'!$E$2:$E$401,MATCH(37,'Binder Setup'!$G$2:$G$401,0)))} | F42: =IF(B42="","",IF(OR(D42>=$D$3,E42>=$E$3),"Pull","Skip: buy elsewhere")) | G42: FALSE
A43: =IF(B43="","",38) | B43: {=IFERROR(INDEX('Binder Setup'!$B$2:$B$401,MATCH(38,'Binder Setup'!$G$2:$G$401,0)),"")} | C43: {=IF(B43="","",TEXTJOIN(", ",TRUE(),IF(('Binder Data'!$B$2:$B$6251=B43)*('Binder Data'!$E$2:$E$6251="Y"),'Binder Data'!$G$2:$G$6251,"")))} | D43: {=IF(B43="","",INDEX('Binder Setup'!$D$2:$D$401,MATCH(38,'Binder Setup'!$G$2:$G$401,0)))} | E43: {=IF(B43="","",INDEX('Binder Setup'!$E$2:$E$401,MATCH(38,'Binder Setup'!$G$2:$G$401,0)))} | F43: =IF(B43="","",IF(OR(D43>=$D$3,E43>=$E$3),"Pull","Skip: buy elsewhere")) | G43: FALSE
A44: =IF(B44="","",39) | B44: {=IFERROR(INDEX('Binder Setup'!$B$2:$B$401,MATCH(39,'Binder Setup'!$G$2:$G$401,0)),"")} | C44: {=IF(B44="","",TEXTJOIN(", ",TRUE(),IF(('Binder Data'!$B$2:$B$6251=B44)*('Binder Data'!$E$2:$E$6251="Y"),'Binder Data'!$G$2:$G$6251,"")))} | D44: {=IF(B44="","",INDEX('Binder Setup'!$D$2:$D$401,MATCH(39,'Binder Setup'!$G$2:$G$401,0)))} | E44: {=IF(B44="","",INDEX('Binder Setup'!$E$2:$E$401,MATCH(39,'Binder Setup'!$G$2:$G$401,0)))} | F44: =IF(B44="","",IF(OR(D44>=$D$3,E44>=$E$3),"Pull","Skip: buy elsewhere")) | G44: FALSE
A45: =IF(B45="","",40) | B45: {=IFERROR(INDEX('Binder Setup'!$B$2:$B$401,MATCH(40,'Binder Setup'!$G$2:$G$401,0)),"")} | C45: {=IF(B45="","",TEXTJOIN(", ",TRUE(),IF(('Binder Data'!$B$2:$B$6251=B45)*('Binder Data'!$E$2:$E$6251="Y"),'Binder Data'!$G$2:$G$6251,"")))} | D45: {=IF(B45="","",INDEX('Binder Setup'!$D$2:$D$401,MATCH(40,'Binder Setup'!$G$2:$G$401,0)))} | E45: {=IF(B45="","",INDEX('Binder Setup'!$E$2:$E$401,MATCH(40,'Binder Setup'!$G$2:$G$401,0)))} | F45: =IF(B45="","",IF(OR(D45>=$D$3,E45>=$E$3),"Pull","Skip: buy elsewhere")) | G45: FALSE
A46: =IF(B46="","",41) | B46: {=IFERROR(INDEX('Binder Setup'!$B$2:$B$401,MATCH(41,'Binder Setup'!$G$2:$G$401,0)),"")} | C46: {=IF(B46="","",TEXTJOIN(", ",TRUE(),IF(('Binder Data'!$B$2:$B$6251=B46)*('Binder Data'!$E$2:$E$6251="Y"),'Binder Data'!$G$2:$G$6251,"")))} | D46: {=IF(B46="","",INDEX('Binder Setup'!$D$2:$D$401,MATCH(41,'Binder Setup'!$G$2:$G$401,0)))} | E46: {=IF(B46="","",INDEX('Binder Setup'!$E$2:$E$401,MATCH(41,'Binder Setup'!$G$2:$G$401,0)))} | F46: =IF(B46="","",IF(OR(D46>=$D$3,E46>=$E$3),"Pull","Skip: buy elsewhere")) | G46: FALSE
A47: =IF(B47="","",42) | B47: {=IFERROR(INDEX('Binder Setup'!$B$2:$B$401,MATCH(42,'Binder Setup'!$G$2:$G$401,0)),"")} | C47: {=IF(B47="","",TEXTJOIN(", ",TRUE(),IF(('Binder Data'!$B$2:$B$6251=B47)*('Binder Data'!$E$2:$E$6251="Y"),'Binder Data'!$G$2:$G$6251,"")))} | D47: {=IF(B47="","",INDEX('Binder Setup'!$D$2:$D$401,MATCH(42,'Binder Setup'!$G$2:$G$401,0)))} | E47: {=IF(B47="","",INDEX('Binder Setup'!$E$2:$E$401,MATCH(42,'Binder Setup'!$G$2:$G$401,0)))} | F47: =IF(B47="","",IF(OR(D47>=$D$3,E47>=$E$3),"Pull","Skip: buy elsewhere")) | G47: FALSE
A48: =IF(B48="","",43) | B48: {=IFERROR(INDEX('Binder Setup'!$B$2:$B$401,MATCH(43,'Binder Setup'!$G$2:$G$401,0)),"")} | C48: {=IF(B48="","",TEXTJOIN(", ",TRUE(),IF(('Binder Data'!$B$2:$B$6251=B48)*('Binder Data'!$E$2:$E$6251="Y"),'Binder Data'!$G$2:$G$6251,"")))} | D48: {=IF(B48="","",INDEX('Binder Setup'!$D$2:$D$401,MATCH(43,'Binder Setup'!$G$2:$G$401,0)))} | E48: {=IF(B48="","",INDEX('Binder Setup'!$E$2:$E$401,MATCH(43,'Binder Setup'!$G$2:$G$401,0)))} | F48: =IF(B48="","",IF(OR(D48>=$D$3,E48>=$E$3),"Pull","Skip: buy elsewhere")) | G48: FALSE
A49: =IF(B49="","",44) | B49: {=IFERROR(INDEX('Binder Setup'!$B$2:$B$401,MATCH(44,'Binder Setup'!$G$2:$G$401,0)),"")} | C49: {=IF(B49="","",TEXTJOIN(", ",TRUE(),IF(('Binder Data'!$B$2:$B$6251=B49)*('Binder Data'!$E$2:$E$6251="Y"),'Binder Data'!$G$2:$G$6251,"")))} | D49: {=IF(B49="","",INDEX('Binder Setup'!$D$2:$D$401,MATCH(44,'Binder Setup'!$G$2:$G$401,0)))} | E49: {=IF(B49="","",INDEX('Binder Setup'!$E$2:$E$401,MATCH(44,'Binder Setup'!$G$2:$G$401,0)))} | F49: =IF(B49="","",IF(OR(D49>=$D$3,E49>=$E$3),"Pull","Skip: buy elsewhere")) | G49: FALSE
A50: =IF(B50="","",45) | B50: {=IFERROR(INDEX('Binder Setup'!$B$2:$B$401,MATCH(45,'Binder Setup'!$G$2:$G$401,0)),"")} | C50: {=IF(B50="","",TEXTJOIN(", ",TRUE(),IF(('Binder Data'!$B$2:$B$6251=B50)*('Binder Data'!$E$2:$E$6251="Y"),'Binder Data'!$G$2:$G$6251,"")))} | D50: {=IF(B50="","",INDEX('Binder Setup'!$D$2:$D$401,MATCH(45,'Binder Setup'!$G$2:$G$401,0)))} | E50: {=IF(B50="","",INDEX('Binder Setup'!$E$2:$E$401,MATCH(45,'Binder Setup'!$G$2:$G$401,0)))} | F50: =IF(B50="","",IF(OR(D50>=$D$3,E50>=$E$3),"Pull","Skip: buy elsewhere")) | G50: FALSE
A51: =IF(B51="","",46) | B51: {=IFERROR(INDEX('Binder Setup'!$B$2:$B$401,MATCH(46,'Binder Setup'!$G$2:$G$401,0)),"")} | C51: {=IF(B51="","",TEXTJOIN(", ",TRUE(),IF(('Binder Data'!$B$2:$B$6251=B51)*('Binder Data'!$E$2:$E$6251="Y"),'Binder Data'!$G$2:$G$6251,"")))} | D51: {=IF(B51="","",INDEX('Binder Setup'!$D$2:$D$401,MATCH(46,'Binder Setup'!$G$2:$G$401,0)))} | E51: {=IF(B51="","",INDEX('Binder Setup'!$E$2:$E$401,MATCH(46,'Binder Setup'!$G$2:$G$401,0)))} | F51: =IF(B51="","",IF(OR(D51>=$D$3,E51>=$E$3),"Pull","Skip: buy elsewhere")) | G51: FALSE
A52: =IF(B52="","",47) | B52: {=IFERROR(INDEX('Binder Setup'!$B$2:$B$401,MATCH(47,'Binder Setup'!$G$2:$G$401,0)),"")} | C52: {=IF(B52="","",TEXTJOIN(", ",TRUE(),IF(('Binder Data'!$B$2:$B$6251=B52)*('Binder Data'!$E$2:$E$6251="Y"),'Binder Data'!$G$2:$G$6251,"")))} | D52: {=IF(B52="","",INDEX('Binder Setup'!$D$2:$D$401,MATCH(47,'Binder Setup'!$G$2:$G$401,0)))} | E52: {=IF(B52="","",INDEX('Binder Setup'!$E$2:$E$401,MATCH(47,'Binder Setup'!$G$2:$G$401,0)))} | F52: =IF(B52="","",IF(OR(D52>=$D$3,E52>=$E$3),"Pull","Skip: buy elsewhere")) | G52: FALSE
A53: =IF(B53="","",48) | B53: {=IFERROR(INDEX('Binder Setup'!$B$2:$B$401,MATCH(48,'Binder Setup'!$G$2:$G$401,0)),"")} | C53: {=IF(B53="","",TEXTJOIN(", ",TRUE(),IF(('Binder Data'!$B$2:$B$6251=B53)*('Binder Data'!$E$2:$E$6251="Y"),'Binder Data'!$G$2:$G$6251,"")))} | D53: {=IF(B53="","",INDEX('Binder Setup'!$D$2:$D$401,MATCH(48,'Binder Setup'!$G$2:$G$401,0)))} | E53: {=IF(B53="","",INDEX('Binder Setup'!$E$2:$E$401,MATCH(48,'Binder Setup'!$G$2:$G$401,0)))} | F53: =IF(B53="","",IF(OR(D53>=$D$3,E53>=$E$3),"Pull","Skip: buy elsewhere")) | G53: FALSE
A54: =IF(B54="","",49) | B54: {=IFERROR(INDEX('Binder Setup'!$B$2:$B$401,MATCH(49,'Binder Setup'!$G$2:$G$401,0)),"")} | C54: {=IF(B54="","",TEXTJOIN(", ",TRUE(),IF(('Binder Data'!$B$2:$B$6251=B54)*('Binder Data'!$E$2:$E$6251="Y"),'Binder Data'!$G$2:$G$6251,"")))} | D54: {=IF(B54="","",INDEX('Binder Setup'!$D$2:$D$401,MATCH(49,'Binder Setup'!$G$2:$G$401,0)))} | E54: {=IF(B54="","",INDEX('Binder Setup'!$E$2:$E$401,MATCH(49,'Binder Setup'!$G$2:$G$401,0)))} | F54: =IF(B54="","",IF(OR(D54>=$D$3,E54>=$E$3),"Pull","Skip: buy elsewhere")) | G54: FALSE
A55: =IF(B55="","",50) | B55: {=IFERROR(INDEX('Binder Setup'!$B$2:$B$401,MATCH(50,'Binder Setup'!$G$2:$G$401,0)),"")} | C55: {=IF(B55="","",TEXTJOIN(", ",TRUE(),IF(('Binder Data'!$B$2:$B$6251=B55)*('Binder Data'!$E$2:$E$6251="Y"),'Binder Data'!$G$2:$G$6251,"")))} | D55: {=IF(B55="","",INDEX('Binder Setup'!$D$2:$D$401,MATCH(50,'Binder Setup'!$G$2:$G$401,0)))} | E55: {=IF(B55="","",INDEX('Binder Setup'!$E$2:$E$401,MATCH(50,'Binder Setup'!$G$2:$G$401,0)))} | F55: =IF(B55="","",IF(OR(D55>=$D$3,E55>=$E$3),"Pull","Skip: buy elsewhere")) | G55: FALSE
A56: =IF(B56="","",51) | B56: {=IFERROR(INDEX('Binder Setup'!$B$2:$B$401,MATCH(51,'Binder Setup'!$G$2:$G$401,0)),"")} | C56: {=IF(B56="","",TEXTJOIN(", ",TRUE(),IF(('Binder Data'!$B$2:$B$6251=B56)*('Binder Data'!$E$2:$E$6251="Y"),'Binder Data'!$G$2:$G$6251,"")))} | D56: {=IF(B56="","",INDEX('Binder Setup'!$D$2:$D$401,MATCH(51,'Binder Setup'!$G$2:$G$401,0)))} | E56: {=IF(B56="","",INDEX('Binder Setup'!$E$2:$E$401,MATCH(51,'Binder Setup'!$G$2:$G$401,0)))} | F56: =IF(B56="","",IF(OR(D56>=$D$3,E56>=$E$3),"Pull","Skip: buy elsewhere")) | G56: FALSE
A57: =IF(B57="","",52) | B57: {=IFERROR(INDEX('Binder Setup'!$B$2:$B$401,MATCH(52,'Binder Setup'!$G$2:$G$401,0)),"")} | C57: {=IF(B57="","",TEXTJOIN(", ",TRUE(),IF(('Binder Data'!$B$2:$B$6251=B57)*('Binder Data'!$E$2:$E$6251="Y"),'Binder Data'!$G$2:$G$6251,"")))} | D57: {=IF(B57="","",INDEX('Binder Setup'!$D$2:$D$401,MATCH(52,'Binder Setup'!$G$2:$G$401,0)))} | E57: {=IF(B57="","",INDEX('Binder Setup'!$E$2:$E$401,MATCH(52,'Binder Setup'!$G$2:$G$401,0)))} | F57: =IF(B57="","",IF(OR(D57>=$D$3,E57>=$E$3),"Pull","Skip: buy elsewhere")) | G57: FALSE
A58: =IF(B58="","",53) | B58: {=IFERROR(INDEX('Binder Setup'!$B$2:$B$401,MATCH(53,'Binder Setup'!$G$2:$G$401,0)),"")} | C58: {=IF(B58="","",TEXTJOIN(", ",TRUE(),IF(('Binder Data'!$B$2:$B$6251=B58)*('Binder Data'!$E$2:$E$6251="Y"),'Binder Data'!$G$2:$G$6251,"")))} | D58: {=IF(B58="","",INDEX('Binder Setup'!$D$2:$D$401,MATCH(53,'Binder Setup'!$G$2:$G$401,0)))} | E58: {=IF(B58="","",INDEX('Binder Setup'!$E$2:$E$401,MATCH(53,'Binder Setup'!$G$2:$G$401,0)))} | F58: =IF(B58="","",IF(OR(D58>=$D$3,E58>=$E$3),"Pull","Skip: buy elsewhere")) | G58: FALSE
A59: =IF(B59="","",54) | B59: {=IFERROR(INDEX('Binder Setup'!$B$2:$B$401,MATCH(54,'Binder Setup'!$G$2:$G$401,0)),"")} | C59: {=IF(B59="","",TEXTJOIN(", ",TRUE(),IF(('Binder Data'!$B$2:$B$6251=B59)*('Binder Data'!$E$2:$E$6251="Y"),'Binder Data'!$G$2:$G$6251,"")))} | D59: {=IF(B59="","",INDEX('Binder Setup'!$D$2:$D$401,MATCH(54,'Binder Setup'!$G$2:$G$401,0)))} | E59: {=IF(B59="","",INDEX('Binder Setup'!$E$2:$E$401,MATCH(54,'Binder Setup'!$G$2:$G$401,0)))} | F59: =IF(B59="","",IF(OR(D59>=$D$3,E59>=$E$3),"Pull","Skip: buy elsewhere")) | G59: FALSE
A60: =IF(B60="","",55) | B60: {=IFERROR(INDEX('Binder Setup'!$B$2:$B$401,MATCH(55,'Binder Setup'!$G$2:$G$401,0)),"")} | C60: {=IF(B60="","",TEXTJOIN(", ",TRUE(),IF(('Binder Data'!$B$2:$B$6251=B60)*('Binder Data'!$E$2:$E$6251="Y"),'Binder Data'!$G$2:$G$6251,"")))} | D60: {=IF(B60="","",INDEX('Binder Setup'!$D$2:$D$401,MATCH(55,'Binder Setup'!$G$2:$G$401,0)))} | E60: {=IF(B60="","",INDEX('Binder Setup'!$E$2:$E$401,MATCH(55,'Binder Setup'!$G$2:$G$401,0)))} | F60: =IF(B60="","",IF(OR(D60>=$D$3,E60>=$E$3),"Pull","Skip: buy elsewhere")) | G60: FALSE
A61: =IF(B61="","",56) | B61: {=IFERROR(INDEX('Binder Setup'!$B$2:$B$401,MATCH(56,'Binder Setup'!$G$2:$G$401,0)),"")} | C61: {=IF(B61="","",TEXTJOIN(", ",TRUE(),IF(('Binder Data'!$B$2:$B$6251=B61)*('Binder Data'!$E$2:$E$6251="Y"),'Binder Data'!$G$2:$G$6251,"")))} | D61: {=IF(B61="","",INDEX('Binder Setup'!$D$2:$D$401,MATCH(56,'Binder Setup'!$G$2:$G$401,0)))} | E61: {=IF(B61="","",INDEX('Binder Setup'!$E$2:$E$401,MATCH(56,'Binder Setup'!$G$2:$G$401,0)))} | F61: =IF(B61="","",IF(OR(D61>=$D$3,E61>=$E$3),"Pull","Skip: buy elsewhere")) | G61: FALSE
A62: =IF(B62="","",57) | B62: {=IFERROR(INDEX('Binder Setup'!$B$2:$B$401,MATCH(57,'Binder Setup'!$G$2:$G$401,0)),"")} | C62: {=IF(B62="","",TEXTJOIN(", ",TRUE(),IF(('Binder Data'!$B$2:$B$6251=B62)*('Binder Data'!$E$2:$E$6251="Y"),'Binder Data'!$G$2:$G$6251,"")))} | D62: {=IF(B62="","",INDEX('Binder Setup'!$D$2:$D$401,MATCH(57,'Binder Setup'!$G$2:$G$401,0)))} | E62: {=IF(B62="","",INDEX('Binder Setup'!$E$2:$E$401,MATCH(57,'Binder Setup'!$G$2:$G$401,0)))} | F62: =IF(B62="","",IF(OR(D62>=$D$3,E62>=$E$3),"Pull","Skip: buy elsewhere")) | G62: FALSE
A63: =IF(B63="","",58) | B63: {=IFERROR(INDEX('Binder Setup'!$B$2:$B$401,MATCH(58,'Binder Setup'!$G$2:$G$401,0)),"")} | C63: {=IF(B63="","",TEXTJOIN(", ",TRUE(),IF(('Binder Data'!$B$2:$B$6251=B63)*('Binder Data'!$E$2:$E$6251="Y"),'Binder Data'!$G$2:$G$6251,"")))} | D63: {=IF(B63="","",INDEX('Binder Setup'!$D$2:$D$401,MATCH(58,'Binder Setup'!$G$2:$G$401,0)))} | E63: {=IF(B63="","",INDEX('Binder Setup'!$E$2:$E$401,MATCH(58,'Binder Setup'!$G$2:$G$401,0)))} | F63: =IF(B63="","",IF(OR(D63>=$D$3,E63>=$E$3),"Pull","Skip: buy elsewhere")) | G63: FALSE
A64: =IF(B64="","",59) | B64: {=IFERROR(INDEX('Binder Setup'!$B$2:$B$401,MATCH(59,'Binder Setup'!$G$2:$G$401,0)),"")} | C64: {=IF(B64="","",TEXTJOIN(", ",TRUE(),IF(('Binder Data'!$B$2:$B$6251=B64)*('Binder Data'!$E$2:$E$6251="Y"),'Binder Data'!$G$2:$G$6251,"")))} | D64: {=IF(B64="","",INDEX('Binder Setup'!$D$2:$D$401,MATCH(59,'Binder Setup'!$G$2:$G$401,0)))} | E64: {=IF(B64="","",INDEX('Binder Setup'!$E$2:$E$401,MATCH(59,'Binder Setup'!$G$2:$G$401,0)))} | F64: =IF(B64="","",IF(OR(D64>=$D$3,E64>=$E$3),"Pull","Skip: buy elsewhere")) | G64: FALSE
A65: =IF(B65="","",60) | B65: {=IFERROR(INDEX('Binder Setup'!$B$2:$B$401,MATCH(60,'Binder Setup'!$G$2:$G$401,0)),"")} | C65: {=IF(B65="","",TEXTJOIN(", ",TRUE(),IF(('Binder Data'!$B$2:$B$6251=B65)*('Binder Data'!$E$2:$E$6251="Y"),'Binder Data'!$G$2:$G$6251,"")))} | D65: {=IF(B65="","",INDEX('Binder Setup'!$D$2:$D$401,MATCH(60,'Binder Setup'!$G$2:$G$401,0)))} | E65: {=IF(B65="","",INDEX('Binder Setup'!$E$2:$E$401,MATCH(60,'Binder Setup'!$G$2:$G$401,0)))} | F65: =IF(B65="","",IF(OR(D65>=$D$3,E65>=$E$3),"Pull","Skip: buy elsewhere")) | G65: FALSE
A66: =IF(B66="","",61) | B66: {=IFERROR(INDEX('Binder Setup'!$B$2:$B$401,MATCH(61,'Binder Setup'!$G$2:$G$401,0)),"")} | C66: {=IF(B66="","",TEXTJOIN(", ",TRUE(),IF(('Binder Data'!$B$2:$B$6251=B66)*('Binder Data'!$E$2:$E$6251="Y"),'Binder Data'!$G$2:$G$6251,"")))} | D66: {=IF(B66="","",INDEX('Binder Setup'!$D$2:$D$401,MATCH(61,'Binder Setup'!$G$2:$G$401,0)))} | E66: {=IF(B66="","",INDEX('Binder Setup'!$E$2:$E$401,MATCH(61,'Binder Setup'!$G$2:$G$401,0)))} | F66: =IF(B66="","",IF(OR(D66>=$D$3,E66>=$E$3),"Pull","Skip: buy elsewhere")) | G66: FALSE
A67: =IF(B67="","",62) | B67: {=IFERROR(INDEX('Binder Setup'!$B$2:$B$401,MATCH(62,'Binder Setup'!$G$2:$G$401,0)),"")} | C67: {=IF(B67="","",TEXTJOIN(", ",TRUE(),IF(('Binder Data'!$B$2:$B$6251=B67)*('Binder Data'!$E$2:$E$6251="Y"),'Binder Data'!$G$2:$G$6251,"")))} | D67: {=IF(B67="","",INDEX('Binder Setup'!$D$2:$D$401,MATCH(62,'Binder Setup'!$G$2:$G$401,0)))} | E67: {=IF(B67="","",INDEX('Binder Setup'!$E$2:$E$401,MATCH(62,'Binder Setup'!$G$2:$G$401,0)))} | F67: =IF(B67="","",IF(OR(D67>=$D$3,E67>=$E$3),"Pull","Skip: buy elsewhere")) | G67: FALSE
A68: =IF(B68="","",63) | B68: {=IFERROR(INDEX('Binder Setup'!$B$2:$B$401,MATCH(63,'Binder Setup'!$G$2:$G$401,0)),"")} | C68: {=IF(B68="","",TEXTJOIN(", ",TRUE(),IF(('Binder Data'!$B$2:$B$6251=B68)*('Binder Data'!$E$2:$E$6251="Y"),'Binder Data'!$G$2:$G$6251,"")))} | D68: {=IF(B68="","",INDEX('Binder Setup'!$D$2:$D$401,MATCH(63,'Binder Setup'!$G$2:$G$401,0)))} | E68: {=IF(B68="","",INDEX('Binder Setup'!$E$2:$E$401,MATCH(63,'Binder Setup'!$G$2:$G$401,0)))} | F68: =IF(B68="","",IF(OR(D68>=$D$3,E68>=$E$3),"Pull","Skip: buy elsewhere")) | G68: FALSE
A69: =IF(B69="","",64) | B69: {=IFERROR(INDEX('Binder Setup'!$B$2:$B$401,MATCH(64,'Binder Setup'!$G$2:$G$401,0)),"")} | C69: {=IF(B69="","",TEXTJOIN(", ",TRUE(),IF(('Binder Data'!$B$2:$B$6251=B69)*('Binder Data'!$E$2:$E$6251="Y"),'Binder Data'!$G$2:$G$6251,"")))} | D69: {=IF(B69="","",INDEX('Binder Setup'!$D$2:$D$401,MATCH(64,'Binder Setup'!$G$2:$G$401,0)))} | E69: {=IF(B69="","",INDEX('Binder Setup'!$E$2:$E$401,MATCH(64,'Binder Setup'!$G$2:$G$401,0)))} | F69: =IF(B69="","",IF(OR(D69>=$D$3,E69>=$E$3),"Pull","Skip: buy elsewhere")) | G69: FALSE
A70: =IF(B70="","",65) | B70: {=IFERROR(INDEX('Binder Setup'!$B$2:$B$401,MATCH(65,'Binder Setup'!$G$2:$G$401,0)),"")} | C70: {=IF(B70="","",TEXTJOIN(", ",TRUE(),IF(('Binder Data'!$B$2:$B$6251=B70)*('Binder Data'!$E$2:$E$6251="Y"),'Binder Data'!$G$2:$G$6251,"")))} | D70: {=IF(B70="","",INDEX('Binder Setup'!$D$2:$D$401,MATCH(65,'Binder Setup'!$G$2:$G$401,0)))} | E70: {=IF(B70="","",INDEX('Binder Setup'!$E$2:$E$401,MATCH(65,'Binder Setup'!$G$2:$G$401,0)))} | F70: =IF(B70="","",IF(OR(D70>=$D$3,E70>=$E$3),"Pull","Skip: buy elsewhere")) | G70: FALSE
A71: =IF(B71="","",66) | B71: {=IFERROR(INDEX('Binder Setup'!$B$2:$B$401,MATCH(66,'Binder Setup'!$G$2:$G$401,0)),"")} | C71: {=IF(B71="","",TEXTJOIN(", ",TRUE(),IF(('Binder Data'!$B$2:$B$6251=B71)*('Binder Data'!$E$2:$E$6251="Y"),'Binder Data'!$G$2:$G$6251,"")))} | D71: {=IF(B71="","",INDEX('Binder Setup'!$D$2:$D$401,MATCH(66,'Binder Setup'!$G$2:$G$401,0)))} | E71: {=IF(B71="","",INDEX('Binder Setup'!$E$2:$E$401,MATCH(66,'Binder Setup'!$G$2:$G$401,0)))} | F71: =IF(B71="","",IF(OR(D71>=$D$3,E71>=$E$3),"Pull","Skip: buy elsewhere")) | G71: FALSE
A72: =IF(B72="","",67) | B72: {=IFERROR(INDEX('Binder Setup'!$B$2:$B$401,MATCH(67,'Binder Setup'!$G$2:$G$401,0)),"")} | C72: {=IF(B72="","",TEXTJOIN(", ",TRUE(),IF(('Binder Data'!$B$2:$B$6251=B72)*('Binder Data'!$E$2:$E$6251="Y"),'Binder Data'!$G$2:$G$6251,"")))} | D72: {=IF(B72="","",INDEX('Binder Setup'!$D$2:$D$401,MATCH(67,'Binder Setup'!$G$2:$G$401,0)))} | E72: {=IF(B72="","",INDEX('Binder Setup'!$E$2:$E$401,MATCH(67,'Binder Setup'!$G$2:$G$401,0)))} | F72: =IF(B72="","",IF(OR(D72>=$D$3,E72>=$E$3),"Pull","Skip: buy elsewhere")) | G72: FALSE
A73: =IF(B73="","",68) | B73: {=IFERROR(INDEX('Binder Setup'!$B$2:$B$401,MATCH(68,'Binder Setup'!$G$2:$G$401,0)),"")} | C73: {=IF(B73="","",TEXTJOIN(", ",TRUE(),IF(('Binder Data'!$B$2:$B$6251=B73)*('Binder Data'!$E$2:$E$6251="Y"),'Binder Data'!$G$2:$G$6251,"")))} | D73: {=IF(B73="","",INDEX('Binder Setup'!$D$2:$D$401,MATCH(68,'Binder Setup'!$G$2:$G$401,0)))} | E73: {=IF(B73="","",INDEX('Binder Setup'!$E$2:$E$401,MATCH(68,'Binder Setup'!$G$2:$G$401,0)))} | F73: =IF(B73="","",IF(OR(D73>=$D$3,E73>=$E$3),"Pull","Skip: buy elsewhere")) | G73: FALSE
A74: =IF(B74="","",69) | B74: {=IFERROR(INDEX('Binder Setup'!$B$2:$B$401,MATCH(69,'Binder Setup'!$G$2:$G$401,0)),"")} | C74: {=IF(B74="","",TEXTJOIN(", ",TRUE(),IF(('Binder Data'!$B$2:$B$6251=B74)*('Binder Data'!$E$2:$E$6251="Y"),'Binder Data'!$G$2:$G$6251,"")))} | D74: {=IF(B74="","",INDEX('Binder Setup'!$D$2:$D$401,MATCH(69,'Binder Setup'!$G$2:$G$401,0)))} | E74: {=IF(B74="","",INDEX('Binder Setup'!$E$2:$E$401,MATCH(69,'Binder Setup'!$G$2:$G$401,0)))} | F74: =IF(B74="","",IF(OR(D74>=$D$3,E74>=$E$3),"Pull","Skip: buy elsewhere")) | G74: FALSE
A75: =IF(B75="","",70) | B75: {=IFERROR(INDEX('Binder Setup'!$B$2:$B$401,MATCH(70,'Binder Setup'!$G$2:$G$401,0)),"")} | C75: {=IF(B75="","",TEXTJOIN(", ",TRUE(),IF(('Binder Data'!$B$2:$B$6251=B75)*('Binder Data'!$E$2:$E$6251="Y"),'Binder Data'!$G$2:$G$6251,"")))} | D75: {=IF(B75="","",INDEX('Binder Setup'!$D$2:$D$401,MATCH(70,'Binder Setup'!$G$2:$G$401,0)))} | E75: {=IF(B75="","",INDEX('Binder Setup'!$E$2:$E$401,MATCH(70,'Binder Setup'!$G$2:$G$401,0)))} | F75: =IF(B75="","",IF(OR(D75>=$D$3,E75>=$E$3),"Pull","Skip: buy elsewhere")) | G75: FALSE
A76: =IF(B76="","",71) | B76: {=IFERROR(INDEX('Binder Setup'!$B$2:$B$401,MATCH(71,'Binder Setup'!$G$2:$G$401,0)),"")} | C76: {=IF(B76="","",TEXTJOIN(", ",TRUE(),IF(('Binder Data'!$B$2:$B$6251=B76)*('Binder Data'!$E$2:$E$6251="Y"),'Binder Data'!$G$2:$G$6251,"")))} | D76: {=IF(B76="","",INDEX('Binder Setup'!$D$2:$D$401,MATCH(71,'Binder Setup'!$G$2:$G$401,0)))} | E76: {=IF(B76="","",INDEX('Binder Setup'!$E$2:$E$401,MATCH(71,'Binder Setup'!$G$2:$G$401,0)))} | F76: =IF(B76="","",IF(OR(D76>=$D$3,E76>=$E$3),"Pull","Skip: buy elsewhere")) | G76: FALSE
A77: =IF(B77="","",72) | B77: {=IFERROR(INDEX('Binder Setup'!$B$2:$B$401,MATCH(72,'Binder Setup'!$G$2:$G$401,0)),"")} | C77: {=IF(B77="","",TEXTJOIN(", ",TRUE(),IF(('Binder Data'!$B$2:$B$6251=B77)*('Binder Data'!$E$2:$E$6251="Y"),'Binder Data'!$G$2:$G$6251,"")))} | D77: {=IF(B77="","",INDEX('Binder Setup'!$D$2:$D$401,MATCH(72,'Binder Setup'!$G$2:$G$401,0)))} | E77: {=IF(B77="","",INDEX('Binder Setup'!$E$2:$E$401,MATCH(72,'Binder Setup'!$G$2:$G$401,0)))} | F77: =IF(B77="","",IF(OR(D77>=$D$3,E77>=$E$3),"Pull","Skip: buy elsewhere")) | G77: FALSE
A78: =IF(B78="","",73) | B78: {=IFERROR(INDEX('Binder Setup'!$B$2:$B$401,MATCH(73,'Binder Setup'!$G$2:$G$401,0)),"")} | C78: {=IF(B78="","",TEXTJOIN(", ",TRUE(),IF(('Binder Data'!$B$2:$B$6251=B78)*('Binder Data'!$E$2:$E$6251="Y"),'Binder Data'!$G$2:$G$6251,"")))} | D78: {=IF(B78="","",INDEX('Binder Setup'!$D$2:$D$401,MATCH(73,'Binder Setup'!$G$2:$G$401,0)))} | E78: {=IF(B78="","",INDEX('Binder Setup'!$E$2:$E$401,MATCH(73,'Binder Setup'!$G$2:$G$401,0)))} | F78: =IF(B78="","",IF(OR(D78>=$D$3,E78>=$E$3),"Pull","Skip: buy elsewhere")) | G78: FALSE
A79: =IF(B79="","",74) | B79: {=IFERROR(INDEX('Binder Setup'!$B$2:$B$401,MATCH(74,'Binder Setup'!$G$2:$G$401,0)),"")} | C79: {=IF(B79="","",TEXTJOIN(", ",TRUE(),IF(('Binder Data'!$B$2:$B$6251=B79)*('Binder Data'!$E$2:$E$6251="Y"),'Binder Data'!$G$2:$G$6251,"")))} | D79: {=IF(B79="","",INDEX('Binder Setup'!$D$2:$D$401,MATCH(74,'Binder Setup'!$G$2:$G$401,0)))} | E79: {=IF(B79="","",INDEX('Binder Setup'!$E$2:$E$401,MATCH(74,'Binder Setup'!$G$2:$G$401,0)))} | F79: =IF(B79="","",IF(OR(D79>=$D$3,E79>=$E$3),"Pull","Skip: buy elsewhere")) | G79: FALSE
A80: =IF(B80="","",75) | B80: {=IFERROR(INDEX('Binder Setup'!$B$2:$B$401,MATCH(75,'Binder Setup'!$G$2:$G$401,0)),"")} | C80: {=IF(B80="","",TEXTJOIN(", ",TRUE(),IF(('Binder Data'!$B$2:$B$6251=B80)*('Binder Data'!$E$2:$E$6251="Y"),'Binder Data'!$G$2:$G$6251,"")))} | D80: {=IF(B80="","",INDEX('Binder Setup'!$D$2:$D$401,MATCH(75,'Binder Setup'!$G$2:$G$401,0)))} | E80: {=IF(B80="","",INDEX('Binder Setup'!$E$2:$E$401,MATCH(75,'Binder Setup'!$G$2:$G$401,0)))} | F80: =IF(B80="","",IF(OR(D80>=$D$3,E80>=$E$3),"Pull","Skip: buy elsewhere")) | G80: FALSE
A81: =IF(B81="","",76) | B81: {=IFERROR(INDEX('Binder Setup'!$B$2:$B$401,MATCH(76,'Binder Setup'!$G$2:$G$401,0)),"")} | C81: {=IF(B81="","",TEXTJOIN(", ",TRUE(),IF(('Binder Data'!$B$2:$B$6251=B81)*('Binder Data'!$E$2:$E$6251="Y"),'Binder Data'!$G$2:$G$6251,"")))} | D81: {=IF(B81="","",INDEX('Binder Setup'!$D$2:$D$401,MATCH(76,'Binder Setup'!$G$2:$G$401,0)))} | E81: {=IF(B81="","",INDEX('Binder Setup'!$E$2:$E$401,MATCH(76,'Binder Setup'!$G$2:$G$401,0)))} | F81: =IF(B81="","",IF(OR(D81>=$D$3,E81>=$E$3),"Pull","Skip: buy elsewhere")) | G81: FALSE
A82: =IF(B82="","",77) | B82: {=IFERROR(INDEX('Binder Setup'!$B$2:$B$401,MATCH(77,'Binder Setup'!$G$2:$G$401,0)),"")} | C82: {=IF(B82="","",TEXTJOIN(", ",TRUE(),IF(('Binder Data'!$B$2:$B$6251=B82)*('Binder Data'!$E$2:$E$6251="Y"),'Binder Data'!$G$2:$G$6251,"")))} | D82: {=IF(B82="","",INDEX('Binder Setup'!$D$2:$D$401,MATCH(77,'Binder Setup'!$G$2:$G$401,0)))} | E82: {=IF(B82="","",INDEX('Binder Setup'!$E$2:$E$401,MATCH(77,'Binder Setup'!$G$2:$G$401,0)))} | F82: =IF(B82="","",IF(OR(D82>=$D$3,E82>=$E$3),"Pull","Skip: buy elsewhere")) | G82: FALSE
A83: =IF(B83="","",78) | B83: {=IFERROR(INDEX('Binder Setup'!$B$2:$B$401,MATCH(78,'Binder Setup'!$G$2:$G$401,0)),"")} | C83: {=IF(B83="","",TEXTJOIN(", ",TRUE(),IF(('Binder Data'!$B$2:$B$6251=B83)*('Binder Data'!$E$2:$E$6251="Y"),'Binder Data'!$G$2:$G$6251,"")))} | D83: {=IF(B83="","",INDEX('Binder Setup'!$D$2:$D$401,MATCH(78,'Binder Setup'!$G$2:$G$401,0)))} | E83: {=IF(B83="","",INDEX('Binder Setup'!$E$2:$E$401,MATCH(78,'Binder Setup'!$G$2:$G$401,0)))} | F83: =IF(B83="","",IF(OR(D83>=$D$3,E83>=$E$3),"Pull","Skip: buy elsewhere")) | G83: FALSE
A84: =IF(B84="","",79) | B84: {=IFERROR(INDEX('Binder Setup'!$B$2:$B$401,MATCH(79,'Binder Setup'!$G$2:$G$401,0)),"")} | C84: {=IF(B84="","",TEXTJOIN(", ",TRUE(),IF(('Binder Data'!$B$2:$B$6251=B84)*('Binder Data'!$E$2:$E$6251="Y"),'Binder Data'!$G$2:$G$6251,"")))} | D84: {=IF(B84="","",INDEX('Binder Setup'!$D$2:$D$401,MATCH(79,'Binder Setup'!$G$2:$G$401,0)))} | E84: {=IF(B84="","",INDEX('Binder Setup'!$E$2:$E$401,MATCH(79,'Binder Setup'!$G$2:$G$401,0)))} | F84: =IF(B84="","",IF(OR(D84>=$D$3,E84>=$E$3),"Pull","Skip: buy elsewhere")) | G84: FALSE
A85: =IF(B85="","",80) | B85: {=IFERROR(INDEX('Binder Setup'!$B$2:$B$401,MATCH(80,'Binder Setup'!$G$2:$G$401,0)),"")} | C85: {=IF(B85="","",TEXTJOIN(", ",TRUE(),IF(('Binder Data'!$B$2:$B$6251=B85)*('Binder Data'!$E$2:$E$6251="Y"),'Binder Data'!$G$2:$G$6251,"")))} | D85: {=IF(B85="","",INDEX('Binder Setup'!$D$2:$D$401,MATCH(80,'Binder Setup'!$G$2:$G$401,0)))} | E85: {=IF(B85="","",INDEX('Binder Setup'!$E$2:$E$401,MATCH(80,'Binder Setup'!$G$2:$G$401,0)))} | F85: =IF(B85="","",IF(OR(D85>=$D$3,E85>=$E$3),"Pull","Skip: buy elsewhere")) | G85: FALSE
A86: =IF(B86="","",81) | B86: {=IFERROR(INDEX('Binder Setup'!$B$2:$B$401,MATCH(81,'Binder Setup'!$G$2:$G$401,0)),"")} | C86: {=IF(B86="","",TEXTJOIN(", ",TRUE(),IF(('Binder Data'!$B$2:$B$6251=B86)*('Binder Data'!$E$2:$E$6251="Y"),'Binder Data'!$G$2:$G$6251,"")))} | D86: {=IF(B86="","",INDEX('Binder Setup'!$D$2:$D$401,MATCH(81,'Binder Setup'!$G$2:$G$401,0)))} | E86: {=IF(B86="","",INDEX('Binder Setup'!$E$2:$E$401,MATCH(81,'Binder Setup'!$G$2:$G$401,0)))} | F86: =IF(B86="","",IF(OR(D86>=$D$3,E86>=$E$3),"Pull","Skip: buy elsewhere")) | G86: FALSE
A87: =IF(B87="","",82) | B87: {=IFERROR(INDEX('Binder Setup'!$B$2:$B$401,MATCH(82,'Binder Setup'!$G$2:$G$401,0)),"")} | C87: {=IF(B87="","",TEXTJOIN(", ",TRUE(),IF(('Binder Data'!$B$2:$B$6251=B87)*('Binder Data'!$E$2:$E$6251="Y"),'Binder Data'!$G$2:$G$6251,"")))} | D87: {=IF(B87="","",INDEX('Binder Setup'!$D$2:$D$401,MATCH(82,'Binder Setup'!$G$2:$G$401,0)))} | E87: {=IF(B87="","",INDEX('Binder Setup'!$E$2:$E$401,MATCH(82,'Binder Setup'!$G$2:$G$401,0)))} | F87: =IF(B87="","",IF(OR(D87>=$D$3,E87>=$E$3),"Pull","Skip: buy elsewhere")) | G87: FALSE
A88: =IF(B88="","",83) | B88: {=IFERROR(INDEX('Binder Setup'!$B$2:$B$401,MATCH(83,'Binder Setup'!$G$2:$G$401,0)),"")} | C88: {=IF(B88="","",TEXTJOIN(", ",TRUE(),IF(('Binder Data'!$B$2:$B$6251=B88)*('Binder Data'!$E$2:$E$6251="Y"),'Binder Data'!$G$2:$G$6251,"")))} | D88: {=IF(B88="","",INDEX('Binder Setup'!$D$2:$D$401,MATCH(83,'Binder Setup'!$G$2:$G$401,0)))} | E88: {=IF(B88="","",INDEX('Binder Setup'!$E$2:$E$401,MATCH(83,'Binder Setup'!$G$2:$G$401,0)))} | F88: =IF(B88="","",IF(OR(D88>=$D$3,E88>=$E$3),"Pull","Skip: buy elsewhere")) | G88: FALSE
A89: =IF(B89="","",84) | B89: {=IFERROR(INDEX('Binder Setup'!$B$2:$B$401,MATCH(84,'Binder Setup'!$G$2:$G$401,0)),"")} | C89: {=IF(B89="","",TEXTJOIN(", ",TRUE(),IF(('Binder Data'!$B$2:$B$6251=B89)*('Binder Data'!$E$2:$E$6251="Y"),'Binder Data'!$G$2:$G$6251,"")))} | D89: {=IF(B89="","",INDEX('Binder Setup'!$D$2:$D$401,MATCH(84,'Binder Setup'!$G$2:$G$401,0)))} | E89: {=IF(B89="","",INDEX('Binder Setup'!$E$2:$E$401,MATCH(84,'Binder Setup'!$G$2:$G$401,0)))} | F89: =IF(B89="","",IF(OR(D89>=$D$3,E89>=$E$3),"Pull","Skip: buy elsewhere")) | G89: FALSE
A90: =IF(B90="","",85) | B90: {=IFERROR(INDEX('Binder Setup'!$B$2:$B$401,MATCH(85,'Binder Setup'!$G$2:$G$401,0)),"")} | C90: {=IF(B90="","",TEXTJOIN(", ",TRUE(),IF(('Binder Data'!$B$2:$B$6251=B90)*('Binder Data'!$E$2:$E$6251="Y"),'Binder Data'!$G$2:$G$6251,"")))} | D90: {=IF(B90="","",INDEX('Binder Setup'!$D$2:$D$401,MATCH(85,'Binder Setup'!$G$2:$G$401,0)))} | E90: {=IF(B90="","",INDEX('Binder Setup'!$E$2:$E$401,MATCH(85,'Binder Setup'!$G$2:$G$401,0)))} | F90: =IF(B90="","",IF(OR(D90>=$D$3,E90>=$E$3),"Pull","Skip: buy elsewhere")) | G90: FALSE
A91: =IF(B91="","",86) | B91: {=IFERROR(INDEX('Binder Setup'!$B$2:$B$401,MATCH(86,'Binder Setup'!$G$2:$G$401,0)),"")} | C91: {=IF(B91="","",TEXTJOIN(", ",TRUE(),IF(('Binder Data'!$B$2:$B$6251=B91)*('Binder Data'!$E$2:$E$6251="Y"),'Binder Data'!$G$2:$G$6251,"")))} | D91: {=IF(B91="","",INDEX('Binder Setup'!$D$2:$D$401,MATCH(86,'Binder Setup'!$G$2:$G$401,0)))} | E91: {=IF(B91="","",INDEX('Binder Setup'!$E$2:$E$401,MATCH(86,'Binder Setup'!$G$2:$G$401,0)))} | F91: =IF(B91="","",IF(OR(D91>=$D$3,E91>=$E$3),"Pull","Skip: buy elsewhere")) | G91: FALSE
A92: =IF(B92="","",87) | B92: {=IFERROR(INDEX('Binder Setup'!$B$2:$B$401,MATCH(87,'Binder Setup'!$G$2:$G$401,0)),"")} | C92: {=IF(B92="","",TEXTJOIN(", ",TRUE(),IF(('Binder Data'!$B$2:$B$6251=B92)*('Binder Data'!$E$2:$E$6251="Y"),'Binder Data'!$G$2:$G$6251,"")))} | D92: {=IF(B92="","",INDEX('Binder Setup'!$D$2:$D$401,MATCH(87,'Binder Setup'!$G$2:$G$401,0)))} | E92: {=IF(B92="","",INDEX('Binder Setup'!$E$2:$E$401,MATCH(87,'Binder Setup'!$G$2:$G$401,0)))} | F92: =IF(B92="","",IF(OR(D92>=$D$3,E92>=$E$3),"Pull","Skip: buy elsewhere")) | G92: FALSE
A93: =IF(B93="","",88) | B93: {=IFERROR(INDEX('Binder Setup'!$B$2:$B$401,MATCH(88,'Binder Setup'!$G$2:$G$401,0)),"")} | C93: {=IF(B93="","",TEXTJOIN(", ",TRUE(),IF(('Binder Data'!$B$2:$B$6251=B93)*('Binder Data'!$E$2:$E$6251="Y"),'Binder Data'!$G$2:$G$6251,"")))} | D93: {=IF(B93="","",INDEX('Binder Setup'!$D$2:$D$401,MATCH(88,'Binder Setup'!$G$2:$G$401,0)))} | E93: {=IF(B93="","",INDEX('Binder Setup'!$E$2:$E$401,MATCH(88,'Binder Setup'!$G$2:$G$401,0)))} | F93: =IF(B93="","",IF(OR(D93>=$D$3,E93>=$E$3),"Pull","Skip: buy elsewhere")) | G93: FALSE
A94: =IF(B94="","",89) | B94: {=IFERROR(INDEX('Binder Setup'!$B$2:$B$401,MATCH(89,'Binder Setup'!$G$2:$G$401,0)),"")} | C94: {=IF(B94="","",TEXTJOIN(", ",TRUE(),IF(('Binder Data'!$B$2:$B$6251=B94)*('Binder Data'!$E$2:$E$6251="Y"),'Binder Data'!$G$2:$G$6251,"")))} | D94: {=IF(B94="","",INDEX('Binder Setup'!$D$2:$D$401,MATCH(89,'Binder Setup'!$G$2:$G$401,0)))} | E94: {=IF(B94="","",INDEX('Binder Setup'!$E$2:$E$401,MATCH(89,'Binder Setup'!$G$2:$G$401,0)))} | F94: =IF(B94="","",IF(OR(D94>=$D$3,E94>=$E$3),"Pull","Skip: buy elsewhere")) | G94: FALSE
A95: =IF(B95="","",90) | B95: {=IFERROR(INDEX('Binder Setup'!$B$2:$B$401,MATCH(90,'Binder Setup'!$G$2:$G$401,0)),"")} | C95: {=IF(B95="","",TEXTJOIN(", ",TRUE(),IF(('Binder Data'!$B$2:$B$6251=B95)*('Binder Data'!$E$2:$E$6251="Y"),'Binder Data'!$G$2:$G$6251,"")))} | D95: {=IF(B95="","",INDEX('Binder Setup'!$D$2:$D$401,MATCH(90,'Binder Setup'!$G$2:$G$401,0)))} | E95: {=IF(B95="","",INDEX('Binder Setup'!$E$2:$E$401,MATCH(90,'Binder Setup'!$G$2:$G$401,0)))} | F95: =IF(B95="","",IF(OR(D95>=$D$3,E95>=$E$3),"Pull","Skip: buy elsewhere")) | G95: FALSE
A96: =IF(B96="","",91) | B96: {=IFERROR(INDEX('Binder Setup'!$B$2:$B$401,MATCH(91,'Binder Setup'!$G$2:$G$401,0)),"")} | C96: {=IF(B96="","",TEXTJOIN(", ",TRUE(),IF(('Binder Data'!$B$2:$B$6251=B96)*('Binder Data'!$E$2:$E$6251="Y"),'Binder Data'!$G$2:$G$6251,"")))} | D96: {=IF(B96="","",INDEX('Binder Setup'!$D$2:$D$401,MATCH(91,'Binder Setup'!$G$2:$G$401,0)))} | E96: {=IF(B96="","",INDEX('Binder Setup'!$E$2:$E$401,MATCH(91,'Binder Setup'!$G$2:$G$401,0)))} | F96: =IF(B96="","",IF(OR(D96>=$D$3,E96>=$E$3),"Pull","Skip: buy elsewhere")) | G96: FALSE
A97: =IF(B97="","",92) | B97: {=IFERROR(INDEX('Binder Setup'!$B$2:$B$401,MATCH(92,'Binder Setup'!$G$2:$G$401,0)),"")} | C97: {=IF(B97="","",TEXTJOIN(", ",TRUE(),IF(('Binder Data'!$B$2:$B$6251=B97)*('Binder Data'!$E$2:$E$6251="Y"),'Binder Data'!$G$2:$G$6251,"")))} | D97: {=IF(B97="","",INDEX('Binder Setup'!$D$2:$D$401,MATCH(92,'Binder Setup'!$G$2:$G$401,0)))} | E97: {=IF(B97="","",INDEX('Binder Setup'!$E$2:$E$401,MATCH(92,'Binder Setup'!$G$2:$G$401,0)))} | F97: =IF(B97="","",IF(OR(D97>=$D$3,E97>=$E$3),"Pull","Skip: buy elsewhere")) | G97: FALSE
A98: =IF(B98="","",93) | B98: {=IFERROR(INDEX('Binder Setup'!$B$2:$B$401,MATCH(93,'Binder Setup'!$G$2:$G$401,0)),"")} | C98: {=IF(B98="","",TEXTJOIN(", ",TRUE(),IF(('Binder Data'!$B$2:$B$6251=B98)*('Binder Data'!$E$2:$E$6251="Y"),'Binder Data'!$G$2:$G$6251,"")))} | D98: {=IF(B98="","",INDEX('Binder Setup'!$D$2:$D$401,MATCH(93,'Binder Setup'!$G$2:$G$401,0)))} | E98: {=IF(B98="","",INDEX('Binder Setup'!$E$2:$E$401,MATCH(93,'Binder Setup'!$G$2:$G$401,0)))} | F98: =IF(B98="","",IF(OR(D98>=$D$3,E98>=$E$3),"Pull","Skip: buy elsewhere")) | G98: FALSE
A99: =IF(B99="","",94) | B99: {=IFERROR(INDEX('Binder Setup'!$B$2:$B$401,MATCH(94,'Binder Setup'!$G$2:$G$401,0)),"")} | C99: {=IF(B99="","",TEXTJOIN(", ",TRUE(),IF(('Binder Data'!$B$2:$B$6251=B99)*('Binder Data'!$E$2:$E$6251="Y"),'Binder Data'!$G$2:$G$6251,"")))} | D99: {=IF(B99="","",INDEX('Binder Setup'!$D$2:$D$401,MATCH(94,'Binder Setup'!$G$2:$G$401,0)))} | E99: {=IF(B99="","",INDEX('Binder Setup'!$E$2:$E$401,MATCH(94,'Binder Setup'!$G$2:$G$401,0)))} | F99: =IF(B99="","",IF(OR(D99>=$D$3,E99>=$E$3),"Pull","Skip: buy elsewhere")) | G99: FALSE
A100: =IF(B100="","",95) | B100: {=IFERROR(INDEX('Binder Setup'!$B$2:$B$401,MATCH(95,'Binder Setup'!$G$2:$G$401,0)),"")} | C100: {=IF(B100="","",TEXTJOIN(", ",TRUE(),IF(('Binder Data'!$B$2:$B$6251=B100)*('Binder Data'!$E$2:$E$6251="Y"),'Binder Data'!$G$2:$G$6251,"")))} | D100: {=IF(B100="","",INDEX('Binder Setup'!$D$2:$D$401,MATCH(95,'Binder Setup'!$G$2:$G$401,0)))} | E100: {=IF(B100="","",INDEX('Binder Setup'!$E$2:$E$401,MATCH(95,'Binder Setup'!$G$2:$G$401,0)))} | F100: =IF(B100="","",IF(OR(D100>=$D$3,E100>=$E$3),"Pull","Skip: buy elsewhere")) | G100: FALSE
...

Sheet Wishlist
A1: In Collection? | B1: count | C1: name | D1: type_line | E1: mana_cost | F1: target_binder | G1: set_name | H1: cmc | I1: rarity | J1: price_usd | K1: colors | L1: oracle_text | M1: scryfall_uri | N1: set_prices | O1: image_uri
A2: FALSE | F2: {=IF(INDEX('Binder Data'!$A$2:$A$251,ROW()-1)="","",IF(INDEX('Binder Data'!$D$2:$D$251,ROW()-1)="Needed",INDEX('Binder Data'!$B$2:$B$251,ROW()-1),INDEX('Binder Data'!$D$2:$D$251,ROW()-1)))}
A3: FALSE | F3: {=IF(INDEX('Binder Data'!$A$2:$A$251,ROW()-1)="","",IF(INDEX('Binder Data'!$D$2:$D$251,ROW()-1)="Needed",INDEX('Binder Data'!$B$2:$B$251,ROW()-1),INDEX('Binder Data'!$D$2:$D$251,ROW()-1)))}
A4: FALSE | F4: {=IF(INDEX('Binder Data'!$A$2:$A$251,ROW()-1)="","",IF(INDEX('Binder Data'!$D$2:$D$251,ROW()-1)="Needed",INDEX('Binder Data'!$B$2:$B$251,ROW()-1),INDEX('Binder Data'!$D$2:$D$251,ROW()-1)))}
A5: FALSE | F5: {=IF(INDEX('Binder Data'!$A$2:$A$251,ROW()-1)="","",IF(INDEX('Binder Data'!$D$2:$D$251,ROW()-1)="Needed",INDEX('Binder Data'!$B$2:$B$251,ROW()-1),INDEX('Binder Data'!$D$2:$D$251,ROW()-1)))}
A6: FALSE | F6: {=IF(INDEX('Binder Data'!$A$2:$A$251,ROW()-1)="","",IF(INDEX('Binder Data'!$D$2:$D$251,ROW()-1)="Needed",INDEX('Binder Data'!$B$2:$B$251,ROW()-1),INDEX('Binder Data'!$D$2:$D$251,ROW()-1)))}
A7: FALSE | F7: {=IF(INDEX('Binder Data'!$A$2:$A$251,ROW()-1)="","",IF(INDEX('Binder Data'!$D$2:$D$251,ROW()-1)="Needed",INDEX('Binder Data'!$B$2:$B$251,ROW()-1),INDEX('Binder Data'!$D$2:$D$251,ROW()-1)))}
A8: FALSE | F8: {=IF(INDEX('Binder Data'!$A$2:$A$251,ROW()-1)="","",IF(INDEX('Binder Data'!$D$2:$D$251,ROW()-1)="Needed",INDEX('Binder Data'!$B$2:$B$251,ROW()-1),INDEX('Binder Data'!$D$2:$D$251,ROW()-1)))}
A9: FALSE | F9: {=IF(INDEX('Binder Data'!$A$2:$A$251,ROW()-1)="","",IF(INDEX('Binder Data'!$D$2:$D$251,ROW()-1)="Needed",INDEX('Binder Data'!$B$2:$B$251,ROW()-1),INDEX('Binder Data'!$D$2:$D$251,ROW()-1)))}
A10: FALSE | F10: {=IF(INDEX('Binder Data'!$A$2:$A$251,ROW()-1)="","",IF(INDEX('Binder Data'!$D$2:$D$251,ROW()-1)="Needed",INDEX('Binder Data'!$B$2:$B$251,ROW()-1),INDEX('Binder Data'!$D$2:$D$251,ROW()-1)))}
A11: FALSE | F11: {=IF(INDEX('Binder Data'!$A$2:$A$251,ROW()-1)="","",IF(INDEX('Binder Data'!$D$2:$D$251,ROW()-1)="Needed",INDEX('Binder Data'!$B$2:$B$251,ROW()-1),INDEX('Binder Data'!$D$2:$D$251,ROW()-1)))}
A12: FALSE | F12: {=IF(INDEX('Binder Data'!$A$2:$A$251,ROW()-1)="","",IF(INDEX('Binder Data'!$D$2:$D$251,ROW()-1)="Needed",INDEX('Binder Data'!$B$2:$B$251,ROW()-1),INDEX('Binder Data'!$D$2:$D$251,ROW()-1)))}
A13: FALSE | F13: {=IF(INDEX('Binder Data'!$A$2:$A$251,ROW()-1)="","",IF(INDEX('Binder Data'!$D$2:$D$251,ROW()-1)="Needed",INDEX('Binder Data'!$B$2:$B$251,ROW()-1),INDEX('Binder Data'!$D$2:$D$251,ROW()-1)))}
... A89: FALSE | F89: {=IF(INDEX('Binder Data'!$A$2:$A$251,ROW()-1)="","",IF(INDEX('Binder Data'!$D$2:$D$251,ROW()-1)="Needed",INDEX('Binder Data'!$B$2:$B$251,ROW()-1),INDEX('Binder Data'!$D$2:$D$251,ROW()-1)))}
F90: {=IF(INDEX('Binder Data'!$A$2:$A$251,ROW()-1)="","",IF(INDEX('Binder Data'!$D$2:$D$251,ROW()-1)="Needed",INDEX('Binder Data'!$B$2:$B$251,ROW()-1),INDEX('Binder Data'!$D$2:$D$251,ROW()-1)))}
F91: {=IF(INDEX('Binder Data'!$A$2:$A$251,ROW()-1)="","",IF(INDEX('Binder Data'!$D$2:$D$251,ROW()-1)="Needed",INDEX('Binder Data'!$B$2:$B$251,ROW()-1),INDEX('Binder Data'!$D$2:$D$251,ROW()-1)))}
F92: {=IF(INDEX('Binder Data'!$A$2:$A$251,ROW()-1)="","",IF(INDEX('Binder Data'!$D$2:$D$251,ROW()-1)="Needed",INDEX('Binder Data'!$B$2:$B$251,ROW()-1),INDEX('Binder Data'!$D$2:$D$251,ROW()-1)))}
F93: {=IF(INDEX('Binder Data'!$A$2:$A$251,ROW()-1)="","",IF(INDEX('Binder Data'!$D$2:$D$251,ROW()-1)="Needed",INDEX('Binder Data'!$B$2:$B$251,ROW()-1),INDEX('Binder Data'!$D$2:$D$251,ROW()-1)))}
F94: {=IF(INDEX('Binder Data'!$A$2:$A$251,ROW()-1)="","",IF(INDEX('Binder Data'!$D$2:$D$251,ROW()-1)="Needed",INDEX('Binder Data'!$B$2:$B$251,ROW()-1),INDEX('Binder Data'!$D$2:$D$251,ROW()-1)))}
F95: {=IF(INDEX('Binder Data'!$A$2:$A$251,ROW()-1)="","",IF(INDEX('Binder Data'!$D$2:$D$251,ROW()-1)="Needed",INDEX('Binder Data'!$B$2:$B$251,ROW()-1),INDEX('Binder Data'!$D$2:$D$251,ROW()-1)))}
F96: {=IF(INDEX('Binder Data'!$A$2:$A$251,ROW()-1)="","",IF(INDEX('Binder Data'!$D$2:$D$251,ROW()-1)="Needed",INDEX('Binder Data'!$B$2:$B$251,ROW()-1),INDEX('Binder Data'!$D$2:$D$251,ROW()-1)))}
F97: {=IF(INDEX('Binder Data'!$A$2:$A$251,ROW()-1)="","",IF(INDEX('Binder Data'!$D$2:$D$251,ROW()-1)="Needed",INDEX('Binder Data'!$B$2:$B$251,ROW()-1),INDEX('Binder Data'!$D$2:$D$251,ROW()-1)))}
F98: {=IF(INDEX('Binder Data'!$A$2:$A$251,ROW()-1)="","",IF(INDEX('Binder Data'!$D$2:$D$251,ROW()-1)="Needed",INDEX('Binder Data'!$B$2:$B$251,ROW()-1),INDEX('Binder Data'!$D$2:$D$251,ROW()-1)))}
F99: {=IF(INDEX('Binder Data'!$A$2:$A$251,ROW()-1)="","",IF(INDEX('Binder Data'!$D$2:$D$251,ROW()-1)="Needed",INDEX('Binder Data'!$B$2:$B$251,ROW()-1),INDEX('Binder Data'!$D$2:$D$251,ROW()-1)))}
F100: {=IF(INDEX('Binder Data'!$A$2:$A$251,ROW()-1)="","",IF(INDEX('Binder Data'!$D$2:$D$251,ROW()-1)="Needed",INDEX('Binder Data'!$B$2:$B$251,ROW()-1),INDEX('Binder Data'!$D$2:$D$251,ROW()-1)))}
F101: {=IF(INDEX('Binder Data'!$A$2:$A$251,ROW()-1)="","",IF(INDEX('Binder Data'!$D$2:$D$251,ROW()-1)="Needed",INDEX('Binder Data'!$B$2:$B$251,ROW()-1),INDEX('Binder Data'!$D$2:$D$251,ROW()-1)))}
... F251: {=IF(INDEX('Binder Data'!$A$2:$A$251,ROW()-1)="","",IF(INDEX('Binder Data'!$D$2:$D$251,ROW()-1)="Needed",INDEX('Binder Data'!$B$2:$B$251,ROW()-1),INDEX('Binder Data'!$D$2:$D$251,ROW()-1)))}

Sheet Deck 1
A1: In Collection? | B1: count | C1: name | D1: type_line | E1: mana_cost | F1: target_binder | G1: set_name | H1: cmc | I1: rarity | J1: price_usd | K1: colors | L1: oracle_text | M1: scryfall_uri | N1: set_prices | O1: image_uri
A2: FALSE | B2: 1 | C2: Anim Pakal, Thousandth Moon | D2: Legendary Creature — Human Soldier | E2: {1}{R}{W} | F2: {=IF(INDEX('Binder Data'!$A$252:$A$501,ROW()-1)="","",IF(INDEX('Binder Data'!$D$252:$D$501,ROW()-1)="Needed",INDEX('Binder Data'!$B$252:$B$501,ROW()-1),INDEX('Binder Data'!$D$252:$D$501,ROW()-1)))} -> Foundations | G2: The List The Lost Caverns of Ixalan Promos The Lost Caverns of Ixalan | H2: 3 | I2: rare | J2: 4.07 | K2: RW | L2: Whenever you attack with one or more non-Gnome creatures, put a +1/+1 counter on Anim Pakal, then create X 1/1 colorless Gnome artifact creature tokens that are tapped and attacking, where X is the number of +1/+1 counters on Anim Pakal. | M2: https://scryfall.com/card/lci/223/anim-pakal-thousandth-moon?utm_source=api | N2: 6.49 4.07 | O2: https://cards.scryfall.io/small/front/8/6/868856b7-8875-43c1-8249-0f8fb2c8319b.jpg?1783913734
A3: FALSE | B3: 1 | C3: Arabella, Abandoned Doll | D3: Legendary Artifact Creature — Toy | E3: {R}{W} | F3: {=IF(INDEX('Binder Data'!$A$252:$A$501,ROW()-1)="","",IF(INDEX('Binder Data'!$D$252:$D$501,ROW()-1)="Needed",INDEX('Binder Data'!$B$252:$B$501,ROW()-1),INDEX('Binder Data'!$D$252:$D$501,ROW()-1)))} -> Foundations | G3: The List Duskmourn: House of Horror | H3: 2 | I3: uncommon | J3: 0.77 | K3: RW | L3: Whenever Arabella attacks, it deals X damage to each opponent and you gain X life, where X is the number of creatures you control with power 2 or less. | M3: https://scryfall.com/card/dsk/208/arabella-abandoned-doll?utm_source=api | N3: 0.77 | O3: https://cards.scryfall.io/small/front/f/6/f683d5a1-b8bf-446f-9fe3-88a4398bf3cf.jpg?1783909446
A4: FALSE | B4: 1 | C4: Battlefield Forge | D4: Land | F4: {=IF(INDEX('Binder Data'!$A$252:$A$501,ROW()-1)="","",IF(INDEX('Binder Data'!$D$252:$D$501,ROW()-1)="Needed",INDEX('Binder Data'!$B$252:$B$501,ROW()-1),INDEX('Binder Data'!$D$252:$D$501,ROW()-1)))} -> Secret Lair Drop | G4: Reality Fracture Commander Secrets of Strixhaven Commander Edge of Eternities Commander Final Fantasy Commander Tarkir: Dragonstorm Commander Bloomburrow Commander Modern Horizons 3 Commander Outlaws of Thunder Junction Commander Tales of Middle-earth Commander The Brothers' War Promos The Brothers' War Dominaria United Commander Secret Lair Drop Commander 2021 Commander 2020 Magic Origins Magic 2015 Tenth Edition Ninth Edition Apocalypse | H4: 0 | I4: rare | J4: 0.22 | L4: {T}: Add {C}. {T}: Add {R} or {W}. This land deals 1 damage to you. | M4: https://scryfall.com/card/frc/65/battlefield-forge?utm_source=api | N4: 0.22 0.35 0.32 0.30 0.34 0.34 0.35 0.39 0.45 0.95 0.37 0.36 56.76 0.43 0.36 0.35 0.45 3.07 3.62 10.60 | O4: https://cards.scryfall.io/small/front/e/f/ef7d3676-b1db-4329-9201-18f8a6c54ea6.jpg?1789599856
A5: FALSE | B5: 1 | C5: Belladonna Took | D5: Legendary Creature — Halfling Citizen | E5: {1}{W} | F5: {=IF(INDEX('Binder Data'!$A$252:$A$501,ROW()-1)="","",IF(INDEX('Binder Data'!$D$252:$D$501,ROW()-1)="Needed",INDEX('Binder Data'!$B$252:$B$501,ROW()-1),INDEX('Binder Data'!$D$252:$D$501,ROW()-1)))} -> The Hobbit | G5: The Hobbit | H5: 2 | I5: rare | J5: 2.43 | K5: W | L5: Whenever a token you control enters, you gain 1 life if this is the first time this ability has resolved this turn. If it's the second time, draw a card. If it's the third time, put a +1/+1 counter on each creature you control. | M5: https://scryfall.com/card/hob/4/belladonna-took?utm_source=api | N5: 2.43 | O5: https://cards.scryfall.io/small/front/8/8/88f0c189-c9ed-4ea3-ae62-3d8ac6c7fecf.jpg?1784894804
A6: FALSE | B6: 1 | C6: Blasphemous Act | D6: Sorcery | E6: {8}{R} | F6: {=IF(INDEX('Binder Data'!$A$252:$A$501,ROW()-1)="","",IF(INDEX('Binder Data'!$D$252:$D$501,ROW()-1)="Needed",INDEX('Binder Data'!$B$252:$B$501,ROW()-1),INDEX('Binder Data'!$D$252:$D$501,ROW()-1)))} -> Foundations | G6: Foundations Commander Marvel Super Heroes Commander The List Secrets of Strixhaven Commander Teenage Mutant Ninja Turtles Eternal Lorwyn Eclipsed Commander Avatar: The Last Airbender Eternal Secret Lair Drop Edge of Eternities Commander Tarkir: Dragonstorm Commander Aetherdrift Commander Duskmourn: House of Horror Commander Bloomburrow Commander Fallout The Lost Caverns of Ixalan Commander Doctor Who Commander Masters Tales of Middle-earth Commander Starter Commander Decks The Brothers' War Commander Warhammer 40,000 Commander Commander Legends: Battle for Baldur's Gate New Capenna Commander Crimson Vow Commander Commander 2021 Commander Legends Double Masters Commander 2018 Commander Anthology Volume II Commander 2016 Commander 2014 Innistrad | H6: 9 | I6: rare | J6: 0.76 | K6: R | L6: This spell costs {1} less to cast for each creature on the battlefield. Blasphemous Act deals 13 damage to each creature. | M6: https://scryfall.com/card/msc/163/blasphemous-act?utm_source=api | N6: 0.76 0.86 1.22 0.94 0.89 0.94 4.12 3.46 0.96 1.19 0.90 1.07 1.16 0.97 1.03 1.13 1.23 2.28 0.96 2.15 2.79 1.47 1.74 1.05 1.40 1.23 2.10 1.04 2.22 2.11 1.10 1.37 | O6: https://cards.scryfall.io/small/front/7/d/7d4b1d44-126e-4987-9a9f-f0f9627a09cb.jpg?1783903234
A7: FALSE | B7: 1 | C7: Bonehoard Dracosaur | D7: Creature — Dinosaur Dragon | E7: {3}{R}{R} | F7: {=IF(INDEX('Binder Data'!$A$252:$A$501,ROW()-1)="","",IF(INDEX('Binder Data'!$D$252:$D$501,ROW()-1)="Needed",INDEX('Binder Data'!$B$252:$B$501,ROW()-1),INDEX('Binder Data'!$D$252:$D$501,ROW()-1)))} -> The Lost Caverns of Ixalan | G7: The Lost Caverns of Ixalan Promos The Lost Caverns of Ixalan | H7: 5 | I7: mythic | J7: 14.99 | K7: R | L7: Flying, first strike At the beginning of your upkeep, exile the top two cards of your library. You may play them this turn. If you exiled a land card this way, create a 3/1 red Dinosaur creature token. If you exiled a nonland card this way, create a Treasure token. | M7: https://scryfall.com/card/lci/134/bonehoard-dracosaur?utm_source=api | N7: 20.04 14.99 | O7: https://cards.scryfall.io/small/front/2/2/2220ed60-3f8f-4dd2-8319-6a06896a5350.jpg?1783913768
A8: FALSE | B8: 1 | C8: Boros Signet | D8: Artifact | E8: {2} | F8: {=IF(INDEX('Binder Data'!$A$252:$A$501,ROW()-1)="","",IF(INDEX('Binder Data'!$D$252:$D$501,ROW()-1)="Needed",INDEX('Binder Data'!$B$252:$B$501,ROW()-1),INDEX('Binder Data'!$D$252:$D$501,ROW()-1)))} -> Secret Lair Drop | G8: Tarkir: Dragonstorm Commander Bloomburrow Commander Ravnica: Clue Edition Ravnica Remastered Commander Masters Phyrexia: All Will Be One Commander Secret Lair Drop Commander Legends Commander 2020 GRN Guild Kit Commander Anthology Volume II Commander 2017 Commander Anthology Modern Masters 2017 Commander 2015 Commander 2011 Planechase Ravnica: City of Guilds | H8: 2 | I8: uncommon | J8: 0.54 | L8: {1}, {T}: Add {R}{W}. | M8: https://scryfall.com/card/tdc/314/boros-signet?utm_source=api | N8: 0.66 0.62 0.63 1.55 1.70 1.93 15.79 0.56 2.14 0.67 0.65 0.62 0.90 0.58 0.54 0.76 1.11 1.84 | O8: https://cards.scryfall.io/small/front/4/9/49c37c0e-d363-4033-a069-710241cd9923.jpg?1783907016
A9: FALSE | B9: 1 | C9: Breya's Apprentice | D9: Artifact Creature — Human Artificer | E9: {2}{R} | F9: {=IF(INDEX('Binder Data'!$A$252:$A$501,ROW()-1)="","",IF(INDEX('Binder Data'!$D$252:$D$501,ROW()-1)="Needed",INDEX('Binder Data'!$B$252:$B$501,ROW()-1),INDEX('Binder Data'!$D$252:$D$501,ROW()-1)))} -> Modern Horizons 2 | G9: Modern Horizons 2 Modern Horizons 2 Promos | H9: 3 | I9: rare | J9: 0.36 | K9: R | L9: When this creature enters, create a 1/1 colorless Thopter artifact creature token with flying. {T}, Sacrifice an artifact: Choose one — • Exile the top card of your library. Until the end of your next turn, you may play that card. • Target creature gets +2/+0 until end of turn. | M9: https://scryfall.com/card/mh2/117/breyas-apprentice?utm_source=api | N9: 0.36 1.00 | O9: https://cards.scryfall.io/small/front/c/3/c32b5b2e-dabf-4672-b476-4873781f636e.jpg?1783926848
A10: FALSE | B10: 1 | C10: Castle Embereth | D10: Land | F10: {=IF(INDEX('Binder Data'!$A$252:$A$501,ROW()-1)="","",IF(INDEX('Binder Data'!$D$252:$D$501,ROW()-1)="Needed",INDEX('Binder Data'!$B$252:$B$501,ROW()-1),INDEX('Binder Data'!$D$252:$D$501,ROW()-1)))} -> Foundations | G10: The List Tarkir: Dragonstorm Commander Phyrexia: All Will Be One Commander Commander Legends: Battle for Baldur's Gate New Capenna Commander Throne of Eldraine Promos Throne of Eldraine | H10: 0 | I10: rare | J10: 0.36 | L10: This land enters tapped unless you control a Mountain. {T}: Add {R}. {1}{R}{R}, {T}: Creatures you control get +1/+0 until end of turn. | M10: https://scryfall.com/card/tdc/347/castle-embereth?utm_source=api | N10: 0.36 0.61 0.51 0.42 0.40 0.56 0.39 | O10: https://cards.scryfall.io/small/front/3/3/337f2d97-b317-4c10-b151-7acccf38fca8.jpg?1783906997
A11: FALSE | B11: 1 | C11: Chandra, Fire Artisan | D11: Legendary Planeswalker — Chandra | E11: {2}{R}{R} | F11: {=IF(INDEX('Binder Data'!$A$252:$A$501,ROW()-1)="","",IF(INDEX('Binder Data'!$D$252:$D$501,ROW()-1)="Needed",INDEX('Binder Data'!$B$252:$B$501,ROW()-1),INDEX('Binder Data'!$D$252:$D$501,ROW()-1)))} -> Secret Lair Drop | G11: Secret Lair Drop War of the Spark Promos War of the Spark | H11: 4 | I11: rare | J11: 0.34 | K11: R | L11: Whenever one or more loyalty counters are removed from Chandra, she deals that much damage to target opponent or planeswalker. +1: Exile the top card of your library. You may play it this turn. −7: Exile the top seven cards of your library. You may play them this turn. | M11: https://scryfall.com/card/war/119/chandra-fire-artisan?utm_source=api | N11: 2.30 0.73 0.34 | O11: https://cards.scryfall.io/small/front/d/2/d21a7b23-8827-49f2-ade4-75a602d17743.jpg?1783933433
A12: FALSE | B12: 1 | C12: Chandra, Torch of Defiance | D12: Legendary Planeswalker — Chandra | E12: {2}{R}{R} | F12: {=IF(INDEX('Binder Data'!$A$252:$A$501,ROW()-1)="","",IF(INDEX('Binder Data'!$D$252:$D$501,ROW()-1)="Needed",INDEX('Binder Data'!$B$252:$B$501,ROW()-1),INDEX('Binder Data'!$D$252:$D$501,ROW()-1)))} -> Commander Masters | G12: Reality Fracture Promos Reality Fracture Commander Masters Pioneer Challenger Decks 2021 Signature Spellbook: Chandra San Diego Comic-Con 2018 San Diego Comic-Con 2017 Kaladesh Promos Kaladesh | H12: 4 | I12: mythic | J12: 2.06 | K12: R | L12: +1: Exile the top card of your library. You may cast that card. If you don't, Chandra deals 2 damage to each opponent. +1: Add {R}{R}. −3: Chandra deals 4 damage to target creature. −7: You get an emblem with "Whenever you cast a spell, this emblem deals 5 damage to any target." | M12: https://scryfall.com/card/fra/244/chandra-torch-of-defiance?utm_source=api | N12: 2.06 3.31 3.32 2.96 63.25 32.08 27.27 3.55 | O12: https://cards.scryfall.io/small/front/4/0/40cb22c8-cb03-45c9-bb0e-b8cabdcc43cd.jpg?1788329325
A13: FALSE | B13: 1 | C13: Chief of the Foundry | D13: Artifact Creature — Construct | E13: {3} | F13: {=IF(INDEX('Binder Data'!$A$252:$A$501,ROW()-1)="","",IF(INDEX('Binder Data'!$D$252:$D$501,ROW()-1)="Needed",INDEX('Binder Data'!$B$252:$B$501,ROW()-1),INDEX('Binder Data'!$D$252:$D$501,ROW()-1)))} -> Foundations | G13: Foundations Commander Foundations Jumpstart The Brothers' War Commander Double Masters Commander 2018 Kaladesh Promos Kaladesh Magic Origins | H13: 3 | I13: uncommon | J13: 0.2 | L13: Other artifact creatures you control get +1/+1. | M13: https://scryfall.com/card/2xm/238/chief-of-the-foundry?utm_source=api | N13: 0.28 0.33 0.36 0.20 0.25 0.47 0.23 0.26 | O13: https://cards.scryfall.io/small/front/b/f/bf306f7f-b231-4343-807c-083df8b90c87.jpg?1783930118
A14: FALSE | B14: 1 | C14: Clifftop Retreat | D14: Land | F14: {=IF(INDEX('Binder Data'!$A$252:$A$501,ROW()-1)="","",IF(INDEX('Binder Data'!$D$252:$D$501,ROW()-1)="Needed",INDEX('Binder Data'!$B$252:$B$501,ROW()-1),INDEX('Binder Data'!$D$252:$D$501,ROW()-1)))} -> Foundations | G14: Reality Fracture Commander Marvel Super Heroes Commander Secrets of Strixhaven Commander Edge of Eternities Commander Final Fantasy Commander Tarkir: Dragonstorm Commander Bloomburrow Commander Outlaws of Thunder Junction Commander Fallout The List The Lost Caverns of Ixalan Commander Tales of Middle-earth Commander Dominaria Remastered Dominaria Promos Dominaria Innistrad | H14: 0 | I14: rare | J14: 0.19 | L14: This land enters tapped unless you control a Mountain or a Plains. {T}: Add {R} or {W}. | M14: https://scryfall.com/card/frc/67/clifftop-retreat?utm_source=api | N14: 0.19 0.29 0.31 0.31 0.37 0.32 0.32 1.39 0.36 0.76 0.34 0.39 0.43 2.69 0.51 0.77 | O14: https://cards.scryfall.io/small/front/c/d/cd112d5c-102f-45a6-b26c-f80cc97d4df2.jpg?1789599889
A15: FALSE | B15: 1 | C15: Command Beacon | D15: Land | F15: {=IF(INDEX('Binder Data'!$A$252:$A$501,ROW()-1)="","",IF(INDEX('Binder Data'!$D$252:$D$501,ROW()-1)="Needed",INDEX('Binder Data'!$B$252:$B$501,ROW()-1),INDEX('Binder Data'!$D$252:$D$501,ROW()-1)))} -> Foundations | G15: The List Final Fantasy: Through the Ages Tarkir: Dragonstorm Commander Outlaws of Thunder Junction Commander Secret Lair Drop Commander Legends Promos Commander Legends Judge Gift Cards 2016 Commander 2015 | H15: 0 | I15: rare | J15: 8.81 | L15: {T}: Add {C}. {T}, Sacrifice this land: Put your commander into your hand from the command zone. | M15: https://scryfall.com/card/tdc/352/command-beacon?utm_source=api | N15: 10.61 8.81 9.77 9.89 14.42 9.47 8.88 25.06 9.46 | O15: https://cards.scryfall.io/small/front/4/3/435e9678-9ff3-4e5d-8061-3f806e1c2ed2.jpg?1783906993
A16: FALSE | B16: 1 | C16: Command Tower | D16: Land | F16: {=IF(INDEX('Binder Data'!$A$252:$A$501,ROW()-1)="","",IF(INDEX('Binder Data'!$D$252:$D$501,ROW()-1)="Needed",INDEX('Binder Data'!$B$252:$B$501,ROW()-1),INDEX('Binder Data'!$D$252:$D$501,ROW()-1)))} -> Foundations | G16: Reality Fracture Commander The List Secret Lair Drop The Zeta Set Marvel Super Heroes Commander Media and Collaboration Promos Secrets of Strixhaven Commander Teenage Mutant Ninja Turtles Eternal Lorwyn Eclipsed Commander Wizards Play Network 2025 Edge of Eternities Commander Final Fantasy Commander Tarkir: Dragonstorm Commander Aetherdrift Commander Foundations Commander Duskmourn: House of Horror Commander Mystery Booster 2 Bloomburrow Commander Modern Horizons 3 Commander Outlaws of Thunder Junction Commander Fallout Murders at Karlov Manor Commander Jurassic World Collection The Lost Caverns of Ixalan Commander Doctor Who Wilds of Eldraine Commander Commander Masters Tales of Middle-earth Commander March of the Machine Commander Phyrexia: All Will Be One Commander Starter Commander Decks The Brothers' War Commander Warhammer 40,000 Commander Dominaria United Commander Commander Legends: Battle for Baldur's Gate New Capenna Commander Neon Dynasty Commander Commander Collection: Black Crimson Vow Commander Midnight Hunt Commander Forgotten Realms Commander Commander 2021 Kaldheim Commander Commander Collection: Green Commander Legends Zendikar Rising Commander Commander 2020 Throne of Eldraine Commander 2019 Commander 2018 Commander Anthology Volume II Commander 2017 Commander Anthology Commander 2016 Commander 2015 Commander 2013 Commander's Arsenal Judge Gift Cards 2012 Commander 2011 | H16: 0 | I16: common | J16: 0.18 | L16: {T}: Add one mana of any color in your commander's color identity. | M16: https://scryfall.com/card/frc/22/command-tower?utm_source=api | N16: 0.26 0.36 1.22 0.28 33.35 0.24 0.27 0.29 10.75 0.45 0.29 0.18 0.27 0.42 0.40 164.75 0.30 0.37 0.34 0.37 0.41 4.36 0.24 0.32 0.36 0.70 0.31 0.40 0.38 0.25 2.46 0.46 0.40 0.34 0.36 0.33 2.75 0.38 0.32 0.59 0.43 0.35 4.09 0.30 0.33 0.38 0.42 0.65 0.36 0.42 0.35 0.36 0.30 0.28 0.37 29.79 48.89 1.02 | O16: https://cards.scryfall.io/small/front/1/a/1ac6cb62-45da-4e9a-84c6-09e6eacf0664.jpg?1789644465
A17: FALSE | B17: 1 | C17: Cori Mountain Monastery | D17: Land | F17: {=IF(INDEX('Binder Data'!$A$252:$A$501,ROW()-1)="","",IF(INDEX('Binder Data'!$D$252:$D$501,ROW()-1)="Needed",INDEX('Binder Data'!$B$252:$B$501,ROW()-1),INDEX('Binder Data'!$D$252:$D$501,ROW()-1)))} -> Tarkir: Dragonstorm | G17: Tarkir: Dragonstorm Promos Tarkir: Dragonstorm | H17: 0 | I17: rare | J17: 0.5 | L17: This land enters tapped unless you control a Plains or an Island. {T}: Add {R}. {3}{R}, {T}: Exile the top card of your library. Until the end of your next turn, you may play that card. | M17: https://scryfall.com/card/tdm/252/cori-mountain-monastery?utm_source=api | N17: 0.50 1.16 | O17: https://cards.scryfall.io/small/front/9/3/9312821a-2059-4f44-9b20-c9522b827e38.jpg?1783907281
A18: FALSE | B18: 1 | C18: Count on Luck | D18: Enchantment | E18: {R}{R}{R} | F18: {=IF(INDEX('Binder Data'!$A$252:$A$501,ROW()-1)="","",IF(INDEX('Binder Data'!$D$252:$D$501,ROW()-1)="Needed",INDEX('Binder Data'!$B$252:$B$501,ROW()-1),INDEX('Binder Data'!$D$252:$D$501,ROW()-1)))} -> Foundations Commander | G18: Foundations Commander Aetherdrift Promos Aetherdrift | H18: 3 | I18: rare | J18: 0.32 | K18: R | L18: At the beginning of your upkeep, exile the top card of your library. You may play that card this turn. | M18: https://scryfall.com/card/dft/118/count-on-luck?utm_source=api | N18: 0.32 0.90 0.41 | O18: https://cards.scryfall.io/small/front/8/f/8f31beae-9b8f-4c32-af84-9f3ee767ba1d.jpg?1783907886
A19: FALSE | B19: 1 | C19: Dark-Dweller Oracle | D19: Creature — Goblin Shaman | E19: {1}{R} | F19: {=IF(INDEX('Binder Data'!$A$252:$A$501,ROW()-1)="","",IF(INDEX('Binder Data'!$D$252:$D$501,ROW()-1)="Needed",INDEX('Binder Data'!$B$252:$B$501,ROW()-1),INDEX('Binder Data'!$D$252:$D$501,ROW()-1)))} -> Foundations | G19: The List Double Masters 2022 Forgotten Realms Commander Core Set 2019 Promos Core Set 2019 | H19: 2 | I19: common | J19: 0.22 | K19: R | L19: {1}, Sacrifice a creature: Exile the top card of your library. You may play that card this turn. (You still pay its costs. You can play a land this way only if you have an available land play remaining.) | M19: https://scryfall.com/card/2x2/106/dark-dweller-oracle?utm_source=api | N19: 0.22 0.32 0.23 2.86 0.34 | O19: https://cards.scryfall.io/small/front/b/d/bd35664f-b99d-46b6-988e-8f2814b0a854.jpg?1783921890
A20: FALSE | B20: 1 | C20: Demolition Field | D20: Land | F20: {=IF(INDEX('Binder Data'!$A$252:$A$501,ROW()-1)="","",IF(INDEX('Binder Data'!$D$252:$D$501,ROW()-1)="Needed",INDEX('Binder Data'!$B$252:$B$501,ROW()-1),INDEX('Binder Data'!$D$252:$D$501,ROW()-1)))} -> Foundations | G20: Final Fantasy Commander Foundations Modern Horizons 3 Commander Outlaws of Thunder Junction Commander The Brothers' War | H20: 0 | I20: uncommon | J20: 0.24 | L20: {T}: Add {C}. {2}, {T}, Sacrifice this land: Destroy target nonbasic land an opponent controls. That land's controller may search their library for a basic land card, put it onto the battlefield, then shuffle. You may search your library for a basic land card, put it onto the battlefield, then shuffle. | M20: https://scryfall.com/card/fdn/687/demolition-field?utm_source=api | N20: 0.24 0.32 0.38 0.74 0.41 | O20: https://cards.scryfall.io/small/front/0/c/0c7e51b6-4898-4632-b39c-3ce438caa882.jpg?1783908902
A21: FALSE | B21: 1 | C21: Dollmaker's Shop // Porcelain Gallery | D21: Enchantment — Room // Enchantment — Room | E21: {1}{W} // {4}{W}{W} | F21: {=IF(INDEX('Binder Data'!$A$252:$A$501,ROW()-1)="","",IF(INDEX('Binder Data'!$D$252:$D$501,ROW()-1)="Needed",INDEX('Binder Data'!$B$252:$B$501,ROW()-1),INDEX('Binder Data'!$D$252:$D$501,ROW()-1)))} -> Duskmourn: House of Horror | G21: Duskmourn: House of Horror Promos Duskmourn: House of Horror | H21: 8 | I21: mythic | J21: 4.86 | K21: W | L21: Whenever one or more non-Toy creatures you control attack a player, create a 1/1 white Toy artifact creature token. (You may cast either half. That door unlocks on the battlefield. As a sorcery, you may pay the mana cost of a locked door to unlock it.) // Creatures you control have base power and toughness each equal to the number of creatures you control. (You may cast either half. That door unlocks on the battlefield. As a sorcery, you may pay the mana cost of a locked door to unlock it.) | M21: https://scryfall.com/card/dsk/4/dollmakers-shop-porcelain-gallery?utm_source=api | N21: 4.86 5.99 | O21: https://cards.scryfall.io/small/front/c/5/c5ee6651-9946-4bae-b21e-6cf28fa77b13.jpg?1783909512
A22: FALSE | B22: 1 | C22: Exotic Orchard | D22: Land | F22: {=IF(INDEX('Binder Data'!$A$252:$A$501,ROW()-1)="","",IF(INDEX('Binder Data'!$D$252:$D$501,ROW()-1)="Needed",INDEX('Binder Data'!$B$252:$B$501,ROW()-1),INDEX('Binder Data'!$D$252:$D$501,ROW()-1)))} -> Foundations | G22: Mystery Booster Commander Edition Reality Fracture Commander The List Marvel Super Heroes Commander Secrets of Strixhaven Commander Teenage Mutant Ninja Turtles Eternal Lorwyn Eclipsed Commander Edge of Eternities Commander Final Fantasy Commander Tarkir: Dragonstorm Commander Aetherdrift Commander Duskmourn: House of Horror Commander Bloomburrow Commander Modern Horizons 3 Commander Outlaws of Thunder Junction Commander Fallout Murders at Karlov Manor Commander The Lost Caverns of Ixalan Commander Doctor Who Wilds of Eldraine Commander Commander Masters Tales of Middle-earth Commander March of the Machine Commander Secret Lair Drop Phyrexia: All Will Be One Commander The Brothers' War Commander Warhammer 40,000 Commander Dominaria United Commander Commander Legends: Battle for Baldur's Gate New Capenna Commander Neon Dynasty Commander Crimson Vow Commander Midnight Hunt Commander Forgotten Realms Commander Commander 2021 Commander 2020 Commander 2019 Commander Anthology Volume II Commander 2017 Planechase Anthology Commander 2016 Conspiracy: Take the Crown Planechase 2012 Conflux | H22: 0 | I22: rare | J22: 0.21 | L22: {T}: Add one mana of any color that a land an opponent controls could produce. | M22: https://scryfall.com/card/mbc/79/exotic-orchard?utm_source=api | N22: 0.21 0.28 0.35 0.34 0.27 0.35 0.23 0.27 0.35 0.38 0.32 0.35 0.32 0.30 0.37 0.34 0.30 0.34 0.28 0.32 0.39 0.35 38.97 0.34 0.57 0.39 0.28 0.33 0.44 0.56 0.30 0.38 0.36 0.30 0.33 0.31 0.50 0.32 0.33 0.26 0.27 1.09 3.25 | O22: https://cards.scryfall.io/small/front/d/1/d11c5fe0-1528-4c94-a8cc-42bcab9d7487.jpg?1787743263
A23: FALSE | B23: 1 | C23: Fountainport | D23: Land | F23: {=IF(INDEX('Binder Data'!$A$252:$A$501,ROW()-1)="","",IF(INDEX('Binder Data'!$D$252:$D$501,ROW()-1)="Needed",INDEX('Binder Data'!$B$252:$B$501,ROW()-1),INDEX('Binder Data'!$D$252:$D$501,ROW()-1)))} -> Foundations | G23: Secret Lair Drop The List Bloomburrow Promos Bloomburrow | H23: 0 | I23: rare | J23: 2.81 | L23: {T}: Add {C}. {2}, {T}, Sacrifice a token: Draw a card. {3}, {T}, Pay 1 life: Create a 1/1 blue Fish creature token. {4}, {T}: Create a Treasure token. | M23: https://scryfall.com/card/blb/253/fountainport?utm_source=api | N23: 4.83 3.45 4.38 2.81 | O23: https://cards.scryfall.io/small/front/6/5/658cfcb7-81b7-48c6-9dd2-1663d06108cf.jpg?1783910785
A24: FALSE | B24: 1 | C24: Furycalm Snarl | D24: Land | F24: {=IF(INDEX('Binder Data'!$A$252:$A$501,ROW()-1)="","",IF(INDEX('Binder Data'!$D$252:$D$501,ROW()-1)="Needed",INDEX('Binder Data'!$B$252:$B$501,ROW()-1),INDEX('Binder Data'!$D$252:$D$501,ROW()-1)))} -> Commander Masters | G24: Marvel Super Heroes Commander Secrets of Strixhaven Commander Final Fantasy Commander Modern Horizons 3 Commander Murders at Karlov Manor Commander The Lost Caverns of Ixalan Commander Doctor Who Commander Masters Tales of Middle-earth Commander March of the Machine Commander Phyrexia: All Will Be One Commander Strixhaven: School of Mages Promos Strixhaven: School of Mages | H24: 0 | I24: rare | J24: 0.23 | L24: As this land enters, you may reveal a Mountain or Plains card from your hand. If you don't, this land enters tapped. {T}: Add {R} or {W}. | M24: https://scryfall.com/card/msc/247/furycalm-snarl?utm_source=api | N24: 0.23 0.30 0.25 0.33 0.30 0.27 0.33 0.34 0.34 0.29 0.34 1.14 0.35 | O24: https://cards.scryfall.io/small/front/a/f/afc12892-4978-4442-ace5-c4dea5c0ee00.jpg?1783903200
A25: FALSE | B25: 1 | C25: Hedron Detonator | D25: Creature — Goblin Artificer | E25: {2}{R} | F25: {=IF(INDEX('Binder Data'!$A$252:$A$501,ROW()-1)="","",IF(INDEX('Binder Data'!$D$252:$D$501,ROW()-1)="Needed",INDEX('Binder Data'!$B$252:$B$501,ROW()-1),INDEX('Binder Data'!$D$252:$D$501,ROW()-1)))} -> March of the Machine Commander | G25: March of the Machine Commander | H25: 3 | I25: rare | J25: 7.65 | K25: R | L25: Whenever an artifact you control enters, this creature deals 1 damage to target opponent. {T}, Sacrifice two artifacts: Exile the top card of your library. You may play that card this turn. | M25: https://scryfall.com/card/moc/31/hedron-detonator?utm_source=api | N25: 7.65 | O25: https://cards.scryfall.io/small/front/7/f/7f1ccee1-20d1-48f2-ae90-a7a78172e05d.jpg?1783917283
A26: FALSE | B26: 1 | C26: Hex Magic | D26: Sorcery — Arcane | E26: {2}{R} | F26: {=IF(INDEX('Binder Data'!$A$252:$A$501,ROW()-1)="","",IF(INDEX('Binder Data'!$D$252:$D$501,ROW()-1)="Needed",INDEX('Binder Data'!$B$252:$B$501,ROW()-1),INDEX('Binder Data'!$D$252:$D$501,ROW()-1)))} -> Secret Lair Drop | G26: Secret Lair Drop Marvel Super Heroes | H26: 3 | I26: uncommon | J26: 0.68 | K26: R | L26: Exile all the cards from your hand, then draw that many cards. Until the end of your next turn, you may play cards exiled this way. | M26: https://scryfall.com/card/msh/133/hex-magic?utm_source=api | N26: 15.77 0.68 | O26: https://cards.scryfall.io/small/front/2/5/259bed47-1950-43ae-8efd-3009537529a8.jpg?1783902932
A27: FALSE | B27: 1 | C27: Improvisation Capstone | D27: Sorcery — Lesson | E27: {5}{R}{R} | F27: {=IF(INDEX('Binder Data'!$A$252:$A$501,ROW()-1)="","",IF(INDEX('Binder Data'!$D$252:$D$501,ROW()-1)="Needed",INDEX('Binder Data'!$B$252:$B$501,ROW()-1),INDEX('Binder Data'!$D$252:$D$501,ROW()-1)))} -> Secrets of Strixhaven | G27: Secrets of Strixhaven Promos Secrets of Strixhaven | H27: 7 | I27: mythic | J27: 9.83 | K27: R | L27: Exile cards from the top of your library until you exile cards with total mana value 4 or greater. You may cast any number of spells from among them without paying their mana costs. Paradigm (Then exile this spell. After you first resolve a spell with this name, you may cast a copy of it from exile without paying its mana cost at the beginning of each of your first main phases.) | M27: https://scryfall.com/card/sos/120/improvisation-capstone?utm_source=api | N27: 10.60 9.83 | O27: https://cards.scryfall.io/small/front/d/0/d01fe6e9-49ee-4708-833e-75cd5a9f167c.jpg?1783903667
A28: FALSE | B28: 1 | C28: Ingenious Artillerist | D28: Creature — Human Artificer | E28: {2}{R} | F28: {=IF(INDEX('Binder Data'!$A$252:$A$501,ROW()-1)="","",IF(INDEX('Binder Data'!$D$252:$D$501,ROW()-1)="Needed",INDEX('Binder Data'!$B$252:$B$501,ROW()-1),INDEX('Binder Data'!$D$252:$D$501,ROW()-1)))} -> Commander Legends: Battle for Baldur's Gate | G28: Commander Legends: Battle for Baldur's Gate | H28: 3 | I28: common | J28: 2.21 | K28: R | L28: Whenever one or more artifacts you control enter, this creature deals that much damage to each opponent. | M28: https://scryfall.com/card/clb/182/ingenious-artillerist?utm_source=api | N28: 2.21 | O28: https://cards.scryfall.io/small/front/1/d/1d8dd6c3-3699-4dd1-a019-fdb569eaf722.jpg?1783922736
A29: FALSE | B29: 1 | C29: Interdimensional Web Watch | D29: Artifact | E29: {4} | F29: {=IF(INDEX('Binder Data'!$A$252:$A$501,ROW()-1)="","",IF(INDEX('Binder Data'!$D$252:$D$501,ROW()-1)="Needed",INDEX('Binder Data'!$B$252:$B$501,ROW()-1),INDEX('Binder Data'!$D$252:$D$501,ROW()-1)))} -> Marvel's Spider-Man | G29: Marvel's Spider-Man Promos Marvel's Spider-Man | H29: 4 | I29: rare | J29: 0.35 | L29: When this artifact enters, exile the top two cards of your library. Until the end of your next turn, you may play those cards. {T}: Add two mana in any combination of colors. Spend this mana only to cast spells from exile. | M29: https://scryfall.com/card/spm/165/interdimensional-web-watch?utm_source=api | N29: 1.35 0.35 | O29: https://cards.scryfall.io/small/front/8/7/87a8e112-e72f-413f-88a3-e7ce72c2ec53.jpg?1783905305
A30: FALSE | B30: 1 | C30: Invasion of Kaldheim // Pyre of the World Tree | D30: Battle — Siege // Enchantment | E30: {3}{R} | F30: {=IF(INDEX('Binder Data'!$A$252:$A$501,ROW()-1)="","",IF(INDEX('Binder Data'!$D$252:$D$501,ROW()-1)="Needed",INDEX('Binder Data'!$B$252:$B$501,ROW()-1),INDEX('Binder Data'!$D$252:$D$501,ROW()-1)))} -> March of the Machine | G30: March of the Machine Promos March of the Machine | H30: 4 | I30: rare | J30: 0.39 | K30: R | L30: (As a Siege enters, choose an opponent to protect it. You and others can attack it. When it's defeated, exile it, then cast it transformed.) When this Siege enters, exile all cards from your hand, then draw that many cards. Until the end of your next turn, you may play cards exiled this way. // Discard a land card: This enchantment deals 2 damage to any target. Whenever you discard a land card, exile the top card of your library. You may play that card this turn. | M30: https://scryfall.com/card/mom/145/invasion-of-kaldheim-pyre-of-the-world-tree?utm_source=api | N30: 1.68 0.39 | O30: https://cards.scryfall.io/small/front/f/7/f7cedd62-efc8-464d-8387-220bb55e07e9.jpg?1783916996
A31: FALSE | B31: 1 | C31: Jor Kadeen, the Prevailer | D31: Legendary Creature — Human Warrior | E31: {3}{R}{W} | F31: {=IF(INDEX('Binder Data'!$A$252:$A$501,ROW()-1)="","",IF(INDEX('Binder Data'!$D$252:$D$501,ROW()-1)="Needed",INDEX('Binder Data'!$B$252:$B$501,ROW()-1),INDEX('Binder Data'!$D$252:$D$501,ROW()-1)))} -> Commander 2021 | G31: Phyrexia: All Will Be One Commander Commander 2021 Commander 2016 New Phyrexia | H31: 5 | I31: rare | J31: 0.2 | K31: RW | L31: First strike Metalcraft — Creatures you control get +3/+0 as long as you control three or more artifacts. | M31: https://scryfall.com/card/c21/220/jor-kadeen-the-prevailer?utm_source=api | N31: 0.36 0.33 0.31 0.20 | O31: https://cards.scryfall.io/small/front/5/7/576d86b5-2541-4ebc-8992-73248af7c805.jpg?1783927522
A32: FALSE | B32: 1 | C32: Laelia, the Blade Reforged | D32: Legendary Creature — Spirit Warrior | E32: {2}{R} | F32: {=IF(INDEX('Binder Data'!$A$252:$A$501,ROW()-1)="","",IF(INDEX('Binder Data'!$D$252:$D$501,ROW()-1)="Needed",INDEX('Binder Data'!$B$252:$B$501,ROW()-1),INDEX('Binder Data'!$D$252:$D$501,ROW()-1)))} -> Secrets of Strixhaven Commander | G32: Secrets of Strixhaven Commander Modern Horizons 3 Commander Legends: Battle for Baldur's Gate Commander 2021 | H32: 3 | I32: rare | J32: 0.28 | K32: R | L32: Haste Whenever Laelia attacks, exile the top card of your library. You may play that card this turn. Whenever one or more cards are put into exile from your library and/or your graveyard, put a +1/+1 counter on Laelia. | M32: https://scryfall.com/card/soc/246/laelia-the-blade-reforged?utm_source=api | N32: 0.28 0.32 0.44 0.68 | O32: https://cards.scryfall.io/small/front/2/c/2cb16354-1211-4230-90e2-4858ba68f348.jpg?1783903774
A33: FALSE | B33: 1 | C33: Long-Range Sensor | D33: Artifact | E33: {2}{R} | F33: {=IF(INDEX('Binder Data'!$A$252:$A$501,ROW()-1)="","",IF(INDEX('Binder Data'!$D$252:$D$501,ROW()-1)="Needed",INDEX('Binder Data'!$B$252:$B$501,ROW()-1),INDEX('Binder Data'!$D$252:$D$501,ROW()-1)))} -> Edge of Eternities Commander | G33: Edge of Eternities Commander | H33: 3 | I33: rare | J33: 0.28 | K33: R | L33: Whenever you attack a player, put a charge counter on this artifact. {1}, Remove two charge counters from this artifact: Discover 4. Activate only as a sorcery. (Exile cards from the top of your library until you exile a nonland card with mana value 4 or less. Cast it without paying its mana cost or put it into your hand. Put the rest on the bottom in a random order.) | M33: https://scryfall.com/card/eoc/11/long-range-sensor?utm_source=api | N33: 0.28 | O33: https://cards.scryfall.io/small/front/7/b/7bc56147-9920-401d-8e4e-93d497e8b67a.jpg?1783906066
A34: FALSE | B34: 1 | C34: Losheel, Clockwork Scholar | D34: Legendary Creature — Elephant Artificer | E34: {2}{W} | F34: {=IF(INDEX('Binder Data'!$A$252:$A$501,ROW()-1)="","",IF(INDEX('Binder Data'!$D$252:$D$501,ROW()-1)="Needed",INDEX('Binder Data'!$B$252:$B$501,ROW()-1),INDEX('Binder Data'!$D$252:$D$501,ROW()-1)))} -> Commander Masters | G34: Commander Masters The Brothers' War Commander Commander 2021 | H34: 3 | I34: uncommon | J34: 2.56 | K34: W | L34: Prevent all combat damage that would be dealt to attacking artifact creatures you control. Whenever one or more artifact creatures you control enter, draw a card. This ability triggers only once each turn. | M34: https://scryfall.com/card/cmm/38/losheel-clockwork-scholar?utm_source=api | N34: 2.81 2.56 2.80 | O34: https://cards.scryfall.io/small/front/e/e/ee6b54de-8e79-4f60-b642-3d259bf74ea0.jpg?1783915719
A35: FALSE | B35: 1 | C35: Loyal Apprentice | D35: Creature — Human Artificer | E35: {1}{R} | F35: {=IF(INDEX('Binder Data'!$A$252:$A$501,ROW()-1)="","",IF(INDEX('Binder Data'!$D$252:$D$501,ROW()-1)="Needed",INDEX('Binder Data'!$B$252:$B$501,ROW()-1),INDEX('Binder Data'!$D$252:$D$501,ROW()-1)))} -> Foundations | G35: The List Tarkir: Dragonstorm Commander Aetherdrift Commander Fallout Commander Masters Phyrexia: All Will Be One Commander Forgotten Realms Commander Commander 2018 | H35: 2 | I35: uncommon | J35: 0.24 | K35: R | L35: Haste Lieutenant — At the beginning of combat on your turn, if you control your commander, create a 1/1 colorless Thopter artifact creature token with flying. That token gains haste until end of turn. | M35: https://scryfall.com/card/tdc/222/loyal-apprentice?utm_source=api | N35: 0.37 0.34 0.24 0.30 0.40 0.39 0.39 0.26 | O35: https://cards.scryfall.io/small/front/d/4/d4d469ea-824b-4eff-82e8-2a0b9b4c0e2d.jpg?1783907066
A36: FALSE | B36: 1 | C36: Master Trinketeer | D36: Creature — Dwarf Artificer | E36: {2}{W} | F36: {=IF(INDEX('Binder Data'!$A$252:$A$501,ROW()-1)="","",IF(INDEX('Binder Data'!$D$252:$D$501,ROW()-1)="Needed",INDEX('Binder Data'!$B$252:$B$501,ROW()-1),INDEX('Binder Data'!$D$252:$D$501,ROW()-1)))} -> Kaladesh | G36: Kaladesh Promos Kaladesh | H36: 3 | I36: rare | J36: 0.24 | K36: W | L36: Servos and Thopters you control get +1/+1. {3}{W}: Create a 1/1 colorless Servo artifact creature token. | M36: https://scryfall.com/card/kld/21/master-trinketeer?utm_source=api | N36: 1.32 0.24 | O36: https://cards.scryfall.io/small/front/c/d/cdb6beb3-1669-4e7b-9c76-65424673eb36.jpg?1783937230
A37: FALSE | B37: 1 | C37: Molten Gatekeeper | D37: Artifact Creature — Golem | E37: {2}{R} | F37: {=IF(INDEX('Binder Data'!$A$252:$A$501,ROW()-1)="","",IF(INDEX('Binder Data'!$D$252:$D$501,ROW()-1)="Needed",INDEX('Binder Data'!$B$252:$B$501,ROW()-1),INDEX('Binder Data'!$D$252:$D$501,ROW()-1)))} -> Modern Horizons 3 | G37: Modern Horizons 3 | H37: 3 | I37: common | J37: 0.22 | K37: R | L37: Whenever another creature you control enters, this creature deals 1 damage to each opponent. Unearth {R} ({R}: Return this card from your graveyard to the battlefield. It gains haste. Exile it at the beginning of the next end step or if it would leave the battlefield. Unearth only as a sorcery.) | M37: https://scryfall.com/card/mh3/128/molten-gatekeeper?utm_source=api | N37: 0.22 | O37: https://cards.scryfall.io/small/front/9/f/9f5ba065-2806-4e99-a330-168cfe76250f.jpg?1783911269
A38: FALSE | B38: 9 | C38: Mountain | D38: Basic Land — Mountain | F38: {=IF(INDEX('Binder Data'!$A$252:$A$501,ROW()-1)="","",IF(INDEX('Binder Data'!$D$252:$D$501,ROW()-1)="Needed",INDEX('Binder Data'!$B$252:$B$501,ROW()-1),INDEX('Binder Data'!$D$252:$D$501,ROW()-1)))} -> (none) | H38: 0 | I38: common | L38: ({T}: Add {R}.) | M38: https://scryfall.com/card/mdd/298/mountain?utm_source=api | N38: n/a | O38: https://cards.scryfall.io/small/front/8/5/85177bd7-6c50-48da-b692-ae5fe7bd357c.jpg?1791578439
A39: FALSE | B39: 1 | C39: Neyali, Suns' Vanguard | D39: Legendary Creature — Human Rebel | E39: {2}{R}{W} | F39: {=IF(INDEX('Binder Data'!$A$252:$A$501,ROW()-1)="","",IF(INDEX('Binder Data'!$D$252:$D$501,ROW()-1)="Needed",INDEX('Binder Data'!$B$252:$B$501,ROW()-1),INDEX('Binder Data'!$D$252:$D$501,ROW()-1)))} -> Phyrexia: All Will Be One Commander | G39: Phyrexia: All Will Be One Commander | H39: 4 | I39: mythic | J39: 0.39 | K39: RW | L39: Attacking tokens you control have double strike. Whenever one or more tokens you control attack a player, exile the top card of your library. During any turn you attacked with a token, you may play that card. | M39: https://scryfall.com/card/onc/2/neyali-suns-vanguard?utm_source=api | N39: 0.39 | O39: https://cards.scryfall.io/small/front/2/b/2b5df03d-2463-468b-b444-d946eeb1c96d.jpg?1783918164
A40: FALSE | B40: 1 | C40: Ornithopter of Paradise | D40: Artifact Creature — Thopter | E40: {2} | F40: {=IF(INDEX('Binder Data'!$A$252:$A$501,ROW()-1)="","",IF(INDEX('Binder Data'!$D$252:$D$501,ROW()-1)="Needed",INDEX('Binder Data'!$B$252:$B$501,ROW()-1),INDEX('Binder Data'!$D$252:$D$501,ROW()-1)))} -> Foundations | G40: Foundations Commander Aetherdrift Commander Foundations Jumpstart The List Bloomburrow Commander Commander Masters Modern Horizons 2 | H40: 2 | I40: common | J40: 0.34 | L40: Flying {T}: Add one mana of any color. | M40: https://scryfall.com/card/cmm/966/ornithopter-of-paradise?utm_source=api | N40: 0.34 0.43 0.51 0.45 1.76 2.16 0.49 | O40: https://cards.scryfall.io/small/front/1/8/18bbdc6c-b6c9-4f89-8f0a-6266e53c1fb9.jpg?1783915400
A41: FALSE | B41: 1 | C41: Party Thrasher | D41: Creature — Lizard Wizard | E41: {1}{R} | F41: {=IF(INDEX('Binder Data'!$A$252:$A$501,ROW()-1)="","",IF(INDEX('Binder Data'!$D$252:$D$501,ROW()-1)="Needed",INDEX('Binder Data'!$B$252:$B$501,ROW()-1),INDEX('Binder Data'!$D$252:$D$501,ROW()-1)))} -> Modern Horizons 3 | G41: Modern Horizons 3 Promos Modern Horizons 3 | H41: 2 | I41: rare | J41: 0.59 | K41: R | L41: Noncreature spells you cast from exile have convoke. (Each creature you tap while casting a noncreature spell from exile pays for {1} or one mana of that creature's color.) At the beginning of your first main phase, you may discard a card. If you do, exile the top two cards of your library, then choose one of them. You may play that card this turn. | M41: https://scryfall.com/card/mh3/129/party-thrasher?utm_source=api | N41: 1.72 0.59 | O41: https://cards.scryfall.io/small/front/b/7/b7f8bb8d-c46a-4531-9525-6981a222b468.jpg?1783911269
A42: FALSE | B42: 1 | C42: Patchwork Banner | D42: Artifact | E42: {3} | F42: {=IF(INDEX('Binder Data'!$A$252:$A$501,ROW()-1)="","",IF(INDEX('Binder Data'!$D$252:$D$501,ROW()-1)="Needed",INDEX('Binder Data'!$B$252:$B$501,ROW()-1),INDEX('Binder Data'!$D$252:$D$501,ROW()-1)))} -> Secret Lair Drop | G42: Foundations Commander Marvel Super Heroes Commander Secrets of Strixhaven Commander Secret Lair Drop Media and Collaboration Promos Bloomburrow | H42: 3 | I42: uncommon | J42: 1.53 | L42: As this artifact enters, choose a creature type. Creatures you control of the chosen type get +1/+1. {T}: Add one mana of any color. | M42: https://scryfall.com/card/msc/207/patchwork-banner?utm_source=api | N42: 1.53 2.69 3.49 8.58 4.17 3.17 | O42: https://cards.scryfall.io/small/front/5/3/537ea7e7-e8e8-4736-bdd9-1085f1a7c259.jpg?1783903215
A43: FALSE | B43: 1 | C43: Pia Nalaar | D43: Legendary Creature — Human Artificer | E43: {2}{R} | F43: {=IF(INDEX('Binder Data'!$A$252:$A$501,ROW()-1)="","",IF(INDEX('Binder Data'!$D$252:$D$501,ROW()-1)="Needed",INDEX('Binder Data'!$B$252:$B$501,ROW()-1),INDEX('Binder Data'!$D$252:$D$501,ROW()-1)))} -> Commander 2021 | G43: Commander 2021 Kaladesh Promos Kaladesh | H43: 3 | I43: rare | J43: 0.25 | K43: R | L43: When Pia Nalaar enters, create a 1/1 colorless Thopter artifact creature token with flying. {1}{R}: Target artifact creature gets +1/+0 until end of turn. {1}, Sacrifice an artifact: Target creature can't block this turn. | M43: https://scryfall.com/card/c21/177/pia-nalaar?utm_source=api | N43: 0.27 1.07 0.25 | O43: https://cards.scryfall.io/small/front/9/d/9d2502c8-bf80-404c-9a9a-b843d355fcaa.jpg?1783927540
A44: FALSE | B44: 1 | C44: Pia Nalaar, Consul of Revival | D44: Legendary Creature — Human Artificer | E44: {R}{W} | F44: {=IF(INDEX('Binder Data'!$A$252:$A$501,ROW()-1)="","",IF(INDEX('Binder Data'!$D$252:$D$501,ROW()-1)="Needed",INDEX('Binder Data'!$B$252:$B$501,ROW()-1),INDEX('Binder Data'!$D$252:$D$501,ROW()-1)))} -> March of the Machine: The Aftermath | G44: March of the Machine: The Aftermath | H44: 2 | I44: rare | J44: 0.52 | K44: RW | L44: Thopters you control have haste. Whenever you play a land from exile or cast a spell from exile, create a 1/1 colorless Thopter artifact creature token with flying. | M44: https://scryfall.com/card/mat/42/pia-nalaar-consul-of-revival?utm_source=api | N44: 0.52 | O44: https://cards.scryfall.io/small/front/0/a/0ae89461-4bce-4b49-b875-03afc2469fe7.jpg?1783916510
A45: FALSE | B45: 9 | C45: Plains | D45: Basic Land — Plains | F45: {=IF(INDEX('Binder Data'!$A$252:$A$501,ROW()-1)="","",IF(INDEX('Binder Data'!$D$252:$D$501,ROW()-1)="Needed",INDEX('Binder Data'!$B$252:$B$501,ROW()-1),INDEX('Binder Data'!$D$252:$D$501,ROW()-1)))} -> (none) | H45: 0 | I45: common | L45: ({T}: Add {W}.) | M45: https://scryfall.com/card/mdd/292/plains?utm_source=api | N45: n/a | O45: https://cards.scryfall.io/small/front/0/9/09ac862f-0a51-44dd-b86f-9412b8218b13.jpg?1791578423
A46: FALSE | B46: 1 | C46: Professional Face-Breaker | D46: Creature — Human Warrior | E46: {2}{R} | F46: {=IF(INDEX('Binder Data'!$A$252:$A$501,ROW()-1)="","",IF(INDEX('Binder Data'!$D$252:$D$501,ROW()-1)="Needed",INDEX('Binder Data'!$B$252:$B$501,ROW()-1),INDEX('Binder Data'!$D$252:$D$501,ROW()-1)))} -> Secret Lair Drop | G46: Final Fantasy Commander Modern Horizons 3 Commander Secret Lair Drop Jumpstart 2022 Streets of New Capenna Streets of New Capenna Promos | H46: 3 | I46: rare | J46: 4.71 | K46: R | L46: Menace Whenever one or more creatures you control deal combat damage to a player, create a Treasure token. Sacrifice a Treasure: Exile the top card of your library. You may play that card this turn. | M46: https://scryfall.com/card/snc/116/professional-face-breaker?utm_source=api | N46: 4.71 6.90 17.67 7.97 7.44 7.12 | O46: https://cards.scryfall.io/small/front/4/2/42acbf52-b137-44f0-a815-2817fe8d2da2.jpg?1783923119
A47: FALSE | B47: 1 | C47: Radiant Summit | D47: Land — Mountain Plains | F47: {=IF(INDEX('Binder Data'!$A$252:$A$501,ROW()-1)="","",IF(INDEX('Binder Data'!$D$252:$D$501,ROW()-1)="Needed",INDEX('Binder Data'!$B$252:$B$501,ROW()-1),INDEX('Binder Data'!$D$252:$D$501,ROW()-1)))} -> Secrets of Strixhaven Commander | G47: Reality Fracture Commander Marvel Super Heroes Commander Secrets of Strixhaven Commander Edge of Eternities Commander | H47: 0 | I47: rare | J47: 0.29 | L47: ({T}: Add {R} or {W}.) This land enters tapped unless you control two or more basic lands. | M47: https://scryfall.com/card/frc/80/radiant-summit?utm_source=api | N47: 0.29 0.38 0.49 0.39 | O47: https://cards.scryfall.io/small/front/f/8/f8cd6aae-a1cb-43b1-aca9-09fe2778969f.jpg?1790063310
A48: FALSE | B48: 1 | C48: Reckless Fireweaver | D48: Creature — Human Artificer | E48: {1}{R} | F48: {=IF(INDEX('Binder Data'!$A$252:$A$501,ROW()-1)="","",IF(INDEX('Binder Data'!$D$252:$D$501,ROW()-1)="Needed",INDEX('Binder Data'!$B$252:$B$501,ROW()-1),INDEX('Binder Data'!$D$252:$D$501,ROW()-1)))} -> Foundations | G48: Aetherdrift Commander Secret Lair Drop Jumpstart 2022 The List Kaladesh | H48: 2 | I48: common | J48: 0.4 | K48: R | L48: Whenever an artifact you control enters, this creature deals 1 damage to each opponent. | M48: https://scryfall.com/card/kld/126/reckless-fireweaver?utm_source=api | N48: 0.40 46.95 0.85 0.92 0.47 | O48: https://cards.scryfall.io/small/front/6/3/63ffac51-62c4-4170-85b3-a43d7cfae7d7.jpg?1783937190
A49: FALSE | B49: 1 | C49: Retrofitter Foundry | D49: Artifact | E49: {1} | F49: {=IF(INDEX('Binder Data'!$A$252:$A$501,ROW()-1)="","",IF(INDEX('Binder Data'!$D$252:$D$501,ROW()-1)="Needed",INDEX('Binder Data'!$B$252:$B$501,ROW()-1),INDEX('Binder Data'!$D$252:$D$501,ROW()-1)))} -> Aetherdrift Commander | G49: Secret Lair Countdown Aetherdrift Commander Judge Gift Cards 2023 Commander 2018 | H49: 1 | I49: rare | J49: 0.33 | L49: {3}: Untap this artifact. {2}, {T}: Create a 1/1 colorless Servo artifact creature token. {1}, {T}, Sacrifice a Servo: Create a 1/1 colorless Thopter artifact creature token with flying. {T}, Sacrifice a Thopter: Create a 4/4 colorless Construct artifact creature token. | M49: https://scryfall.com/card/c18/57/retrofitter-foundry?utm_source=api | N49: 0.83 0.33 14.98 1.20 | O49: https://cards.scryfall.io/small/front/5/d/5da578b8-19e6-4068-9336-e7cd33c585f1.jpg?1783934323
A50: FALSE | B50: 1 | C50: Rose, Cutthroat Raider | D50: Legendary Artifact Creature — Robot | E50: {2}{R}{R} | F50: {=IF(INDEX('Binder Data'!$A$252:$A$501,ROW()-1)="","",IF(INDEX('Binder Data'!$D$252:$D$501,ROW()-1)="Needed",INDEX('Binder Data'!$B$252:$B$501,ROW()-1),INDEX('Binder Data'!$D$252:$D$501,ROW()-1)))} -> Commander Box | G50: Fallout | H50: 4 | I50: rare | J50: 0.67 | K50: R | L50: First strike Raid — At end of combat on your turn, if you attacked this turn, create a Junk token for each opponent you attacked. (It's an artifact with "{T}, Sacrifice this token: Exile the top card of your library. You may play that card this turn. Activate only as a sorcery.") Whenever you sacrifice a Junk, add {R}. | M50: https://scryfall.com/card/pip/66/rose-cutthroat-raider?utm_source=api | N50: 0.67 | O50: https://cards.scryfall.io/small/front/f/8/f803a510-99fe-467a-be3b-9301497ec7ec.jpg?1783912401
A51: FALSE | B51: 1 | C51: Rugged Prairie | D51: Land | F51: {=IF(INDEX('Binder Data'!$A$252:$A$501,ROW()-1)="","",IF(INDEX('Binder Data'!$D$252:$D$501,ROW()-1)="Needed",INDEX('Binder Data'!$B$252:$B$501,ROW()-1),INDEX('Binder Data'!$D$252:$D$501,ROW()-1)))} -> Commander Masters | G51: Secrets of Strixhaven Commander Edge of Eternities Commander Final Fantasy Commander Tarkir: Dragonstorm Commander Bloomburrow Commander Outlaws of Thunder Junction Commander Commander Masters New Capenna Commander Double Masters Masters 25 Zendikar Expeditions Eventide | H51: 0 | I51: rare | J51: 0.24 | L51: {T}: Add {C}. {R/W}, {T}: Add {R}{R}, {R}{W}, or {W}{W}. | M51: https://scryfall.com/card/soc/401/rugged-prairie?utm_source=api | N51: 0.32 0.24 0.33 0.30 0.30 0.36 0.51 0.40 0.78 0.84 35.73 4.63 | O51: https://cards.scryfall.io/small/front/6/b/6bd21c9e-de16-4ee9-ae16-6e82b490109d.jpg?1783903721
A52: FALSE | B52: 1 | C52: Scavenger Grounds | D52: Land — Desert | F52: {=IF(INDEX('Binder Data'!$A$252:$A$501,ROW()-1)="","",IF(INDEX('Binder Data'!$D$252:$D$501,ROW()-1)="Needed",INDEX('Binder Data'!$B$252:$B$501,ROW()-1),INDEX('Binder Data'!$D$252:$D$501,ROW()-1)))} -> Commander Box | G52: Foundations Commander Marvel Super Heroes Commander Edge of Eternities: Stellar Sights Final Fantasy Commander Outlaws of Thunder Junction Commander Fallout Murders at Karlov Manor Commander Commander Masters Commander 2021 Commander 2020 Hour of Devastation Promos Hour of Devastation | H52: 0 | I52: rare | J52: 0.2 | L52: {T}: Add {C}. {2}, {T}, Sacrifice a Desert: Exile all graveyards. | M52: https://scryfall.com/card/msc/263/scavenger-grounds?utm_source=api | N52: 0.20 0.32 1.58 0.32 0.76 0.35 0.36 0.48 0.52 0.37 5.28 0.51 | O52: https://cards.scryfall.io/small/front/9/f/9fbe68ba-ffe5-4fe0-ac0a-0b3221e4f395.jpg?1783903197
A53: FALSE | B53: 1 | C53: Sentinel Sarah Lyons | D53: Legendary Creature — Human Knight | E53: {3}{R}{W} | F53: {=IF(INDEX('Binder Data'!$A$252:$A$501,ROW()-1)="","",IF(INDEX('Binder Data'!$D$252:$D$501,ROW()-1)="Needed",INDEX('Binder Data'!$B$252:$B$501,ROW()-1),INDEX('Binder Data'!$D$252:$D$501,ROW()-1)))} -> Commander Box | G53: Fallout | H53: 5 | I53: rare | J53: 0.27 | K53: RW | L53: Haste As long as an artifact entered the battlefield under your control this turn, creatures you control get +2/+2. Battalion — Whenever Sentinel Sarah Lyons and at least two other creatures attack, Sentinel Sarah Lyons deals damage equal to the number of artifacts you control to target player. | M53: https://scryfall.com/card/pip/118/sentinel-sarah-lyons?utm_source=api | N53: 0.27 | O53: https://cards.scryfall.io/small/front/2/3/23b76965-528c-48f9-9ee6-332b09cae664.jpg?1783912384
A54: FALSE | B54: 1 | C54: Sephara, Sky's Blade | D54: Legendary Creature — Angel | E54: {4}{W}{W}{W} | F54: {=IF(INDEX('Binder Data'!$A$252:$A$501,ROW()-1)="","",IF(INDEX('Binder Data'!$D$252:$D$501,ROW()-1)="Needed",INDEX('Binder Data'!$B$252:$B$501,ROW()-1),INDEX('Binder Data'!$D$252:$D$501,ROW()-1)))} -> Foundations | G54: Foundations Commander The List Commander Masters Starter Commander Decks Core Set 2020 Promos Core Set 2020 | H54: 7 | I54: rare | J54: 0.92 | K54: W | L54: You may pay {W} and tap four untapped creatures you control with flying rather than pay this spell's mana cost. Flying, lifelink Other creatures you control with flying have indestructible. (Damage and effects that say "destroy" don't destroy them.) | M54: https://scryfall.com/card/cmm/54/sephara-skys-blade?utm_source=api | N54: 0.92 6.61 3.70 3.99 4.39 3.43 | O54: https://cards.scryfall.io/small/front/7/2/729ee848-6c27-4202-b2bc-605f45209468.jpg?1783915714
A55: FALSE | B55: 1 | C55: Shadow of the Goblin | D55: Enchantment | E55: {1}{R} | F55: {=IF(INDEX('Binder Data'!$A$252:$A$501,ROW()-1)="","",IF(INDEX('Binder Data'!$D$252:$D$501,ROW()-1)="Needed",INDEX('Binder Data'!$B$252:$B$501,ROW()-1),INDEX('Binder Data'!$D$252:$D$501,ROW()-1)))} -> Marvel's Spider-Man | G55: Marvel's Spider-Man Promos Marvel's Spider-Man | H55: 2 | I55: rare | J55: 0.68 | K55: R | L55: Unreliable Visions — At the beginning of your first main phase, discard a card. If you do, draw a card. Undying Vengeance — Whenever you play a land or cast a spell from anywhere other than your hand, this enchantment deals 1 damage to each opponent. | M55: https://scryfall.com/card/spm/87/shadow-of-the-goblin?utm_source=api | N55: 1.90 0.68 | O55: https://cards.scryfall.io/small/front/8/5/854b6898-c480-435b-8952-a077c7977cec.jpg?1783905334
A56: FALSE | B56: 1 | C56: Spire of Industry | D56: Land | F56: {=IF(INDEX('Binder Data'!$A$252:$A$501,ROW()-1)="","",IF(INDEX('Binder Data'!$D$252:$D$501,ROW()-1)="Needed",INDEX('Binder Data'!$B$252:$B$501,ROW()-1),INDEX('Binder Data'!$D$252:$D$501,ROW()-1)))} -> Commander Box | G56: Edge of Eternities Commander Final Fantasy Commander Aetherdrift Commander Fallout Murders at Karlov Manor Commander March of the Machine Commander The Brothers' War Commander Neon Dynasty Commander Aether Revolt Promos Aether Revolt | H56: 0 | I56: rare | J56: 0.23 | L56: {T}: Add {C}. {T}, Pay 1 life: Add one mana of any color. Activate only if you control an artifact. | M56: https://scryfall.com/card/eoc/183/spire-of-industry?utm_source=api | N56: 0.31 0.23 0.30 0.32 0.33 0.35 0.98 0.34 9.22 0.26 | O56: https://cards.scryfall.io/small/front/3/5/35e9ec06-a848-4230-84a2-19cb8034e0f0.jpg?1783906004
A57: FALSE | B57: 1 | C57: Steel Overseer | D57: Artifact Creature — Construct | E57: {2} | F57: {=IF(INDEX('Binder Data'!$A$252:$A$501,ROW()-1)="","",IF(INDEX('Binder Data'!$D$252:$D$501,ROW()-1)="Needed",INDEX('Binder Data'!$B$252:$B$501,ROW()-1),INDEX('Binder Data'!$D$252:$D$501,ROW()-1)))} -> Commander Box | G57: Foundations Commander Edge of Eternities Commander Fallout Jumpstart 2022 The Brothers' War Commander Commander 2021 Core Set 2020 Promos Core Set 2020 Kaladesh Inventions Duel Decks: Elspeth vs. Tezzeret Magic 2011 | H57: 2 | I57: rare | J57: 0.23 | L57: {T}: Put a +1/+1 counter on each artifact creature you control. | M57: https://scryfall.com/card/eoc/144/steel-overseer?utm_source=api | N57: 0.23 0.35 0.36 1.45 0.99 0.70 1.24 0.97 66.88 0.89 1.00 | O57: https://cards.scryfall.io/small/front/7/6/7601fbf2-916f-44b2-837a-201fd8304613.jpg?1783906018
A58: FALSE | B58: 1 | C58: Stridehangar Automaton | D58: Artifact Creature — Construct | E58: {3} | F58: {=IF(INDEX('Binder Data'!$A$252:$A$501,ROW()-1)="","",IF(INDEX('Binder Data'!$D$252:$D$501,ROW()-1)="Needed",INDEX('Binder Data'!$B$252:$B$501,ROW()-1),INDEX('Binder Data'!$D$252:$D$501,ROW()-1)))} -> Aetherdrift Commander | G58: Aetherdrift Commander | H58: 3 | I58: rare | J58: 2.22 | L58: Thopters you control get +1/+1. If one or more artifact tokens would be created under your control, those tokens plus an additional 1/1 colorless Thopter artifact creature token with flying are created instead. | M58: https://scryfall.com/card/drc/19/stridehangar-automaton?utm_source=api | N58: 2.22 | O58: https://cards.scryfall.io/small/front/4/c/4c398d11-a2fc-43e2-96e9-7f3383e1a43c.jpg?1783907749
A59: FALSE | B59: 1 | C59: Sunbaked Canyon | D59: Land | F59: {=IF(INDEX('Binder Data'!$A$252:$A$501,ROW()-1)="","",IF(INDEX('Binder Data'!$D$252:$D$501,ROW()-1)="Needed",INDEX('Binder Data'!$B$252:$B$501,ROW()-1),INDEX('Binder Data'!$D$252:$D$501,ROW()-1)))} -> Doctor Who | G59: Avatar: The Last Airbender Eternal Assassin's Creed Doctor Who Modern Horizons | H59: 0 | I59: rare | J59: 4.17 | L59: {T}, Pay 1 life: Add {R} or {W}. {1}, {T}, Sacrifice this land: Draw a card. | M59: https://scryfall.com/card/mh1/247/sunbaked-canyon?utm_source=api | N59: 4.23 6.68 4.17 4.20 | O59: https://cards.scryfall.io/small/front/c/3/c36820fa-ee86-4206-9a0d-737a67cf5208.jpg?1783933065
A60: FALSE | B60: 1 | C60: Sundown Pass | D60: Land | F60: {=IF(INDEX('Binder Data'!$A$252:$A$501,ROW()-1)="","",IF(INDEX('Binder Data'!$D$252:$D$501,ROW()-1)="Needed",INDEX('Binder Data'!$B$252:$B$501,ROW()-1),INDEX('Binder Data'!$D$252:$D$501,ROW()-1)))} -> Doctor Who | G60: Secrets of Strixhaven Promos Secrets of Strixhaven Innistrad Remastered Doctor Who Innistrad: Double Feature Innistrad: Crimson Vow Promos Innistrad: Crimson Vow | H60: 0 | I60: rare | J60: 2.29 | L60: This land enters tapped unless you control two or more other lands. {T}: Add {R} or {W}. | M60: https://scryfall.com/card/sos/264/sundown-pass?utm_source=api | N60: 2.51 2.29 3.22 3.28 7.62 5.81 3.02 | O60: https://cards.scryfall.io/small/front/b/3/b34000e9-ff20-4fb4-9d0b-03a172a92457.jpg?1783903618
A61: FALSE | B61: 1 | C61: Sunscorched Divide | D61: Land | F61: {=IF(INDEX('Binder Data'!$A$252:$A$501,ROW()-1)="","",IF(INDEX('Binder Data'!$D$252:$D$501,ROW()-1)="Needed",INDEX('Binder Data'!$B$252:$B$501,ROW()-1),INDEX('Binder Data'!$D$252:$D$501,ROW()-1)))} -> Commander Box | G61: Secrets of Strixhaven Commander Final Fantasy Commander Bloomburrow Commander Outlaws of Thunder Junction Commander Fallout | H61: 0 | I61: rare | J61: 0.24 | L61: {1}, {T}: Add {R}{W}. | M61: https://scryfall.com/card/soc/410/sunscorched-divide?utm_source=api | N61: 0.29 0.26 0.24 0.42 0.33 | O61: https://cards.scryfall.io/small/front/e/a/eae999f9-9c58-4609-8ade-aca0acf07519.jpg?1783903718
A62: FALSE | B62: 1 | C62: Talisman of Conviction | D62: Artifact | E62: {2} | F62: {=IF(INDEX('Binder Data'!$A$252:$A$501,ROW()-1)="","",IF(INDEX('Binder Data'!$D$252:$D$501,ROW()-1)="Needed",INDEX('Binder Data'!$B$252:$B$501,ROW()-1),INDEX('Binder Data'!$D$252:$D$501,ROW()-1)))} -> Commander Box | G62: Marvel Super Heroes Commander Secrets of Strixhaven Commander Final Fantasy Commander Tarkir: Dragonstorm Commander Modern Horizons 3 Commander Fallout Murders at Karlov Manor Commander Doctor Who Commander Masters Tales of Middle-earth Commander Phyrexia: All Will Be One Commander Secret Lair Drop Modern Horizons 1 Timeshifts Modern Horizons | H62: 2 | I62: uncommon | J62: 0.34 | L62: {T}: Add {C}. {T}: Add {R} or {W}. This artifact deals 1 damage to you. | M62: https://scryfall.com/card/msc/217/talisman-of-conviction?utm_source=api | N62: 0.34 6.03 0.38 0.37 0.35 0.71 0.43 0.45 0.45 0.35 0.42 15.22 3.18 0.42 | O62: https://cards.scryfall.io/small/front/a/3/a365885c-f7d9-4ea1-9125-5265055e5570.jpg?1783903211
A63: FALSE | B63: 1 | C63: Thopter Shop | D63: Artifact | E63: {3} | F63: {=IF(INDEX('Binder Data'!$A$252:$A$501,ROW()-1)="","",IF(INDEX('Binder Data'!$D$252:$D$501,ROW()-1)="Needed",INDEX('Binder Data'!$B$252:$B$501,ROW()-1),INDEX('Binder Data'!$D$252:$D$501,ROW()-1)))} -> The Brothers' War Commander | G63: The Brothers' War Commander | H63: 3 | I63: rare | J63: 0.47 | L63: Whenever one or more artifact creatures you control die, draw a card. This ability triggers only once each turn. {2}{W}, {T}: Create a 1/1 colorless Thopter artifact creature token with flying. | M63: https://scryfall.com/card/brc/19/thopter-shop?utm_source=api | N63: 0.47 | O63: https://cards.scryfall.io/small/front/e/7/e72a798b-8dab-41f4-9c2d-1d461e1b46c5.jpg?1783919718
A64: FALSE | B64: 1 | C64: Unstable Amulet | D64: Artifact | E64: {1}{R} | F64: {=IF(INDEX('Binder Data'!$A$252:$A$501,ROW()-1)="","",IF(INDEX('Binder Data'!$D$252:$D$501,ROW()-1)="Needed",INDEX('Binder Data'!$B$252:$B$501,ROW()-1),INDEX('Binder Data'!$D$252:$D$501,ROW()-1)))} -> Modern Horizons 3 | G64: Modern Horizons 3 | H64: 2 | I64: uncommon | J64: 0.21 | K64: R | L64: When this artifact enters, you get {E}{E} (two energy counters). Whenever you cast a spell from anywhere other than your hand, this artifact deals 1 damage to each opponent. {T}, Pay {E}{E}: Exile the top card of your library. You may play it until you exile another card with this artifact. | M64: https://scryfall.com/card/mh3/142/unstable-amulet?utm_source=api | N64: 0.21 | O64: https://cards.scryfall.io/small/front/9/d/9d9949f5-8d6c-4ea9-b203-99e8a57a6c60.jpg?1783911264
A65: FALSE | B65: 1 | C65: Weftstalker Ardent | D65: Creature — Drix Artificer | E65: {2}{R} | F65: {=IF(INDEX('Binder Data'!$A$252:$A$501,ROW()-1)="","",IF(INDEX('Binder Data'!$D$252:$D$501,ROW()-1)="Needed",INDEX('Binder Data'!$B$252:$B$501,ROW()-1),INDEX('Binder Data'!$D$252:$D$501,ROW()-1)))} -> Edge of Eternities | G65: Edge of Eternities | H65: 3 | I65: uncommon | J65: 2.69 | K65: R | L65: Whenever another creature or artifact you control enters, this creature deals 1 damage to each opponent. Warp {R} (You may cast this card from your hand for its warp cost. Exile this creature at the beginning of the next end step, then you may cast it from exile on a later turn.) | M65: https://scryfall.com/card/eoe/169/weftstalker-ardent?utm_source=api | N65: 2.69 | O65: https://cards.scryfall.io/small/front/c/d/cddb48cc-8eb1-47ce-90f0-7aad1e93e2c4.jpg?1783905943
A66: FALSE | B66: 1 | C66: Welcoming Vampire | D66: Creature — Vampire | E66: {2}{W} | F66: {=IF(INDEX('Binder Data'!$A$252:$A$501,ROW()-1)="","",IF(INDEX('Binder Data'!$D$252:$D$501,ROW()-1)="Needed",INDEX('Binder Data'!$B$252:$B$501,ROW()-1),INDEX('Binder Data'!$D$252:$D$501,ROW()-1)))} -> Tarkir: Dragonstorm Commander | G66: Tarkir: Dragonstorm Commander Innistrad: Crimson Vow Promos Murders at Karlov Manor Commander The Lost Caverns of Ixalan Commander Innistrad: Double Feature Innistrad: Crimson Vow | H66: 3 | I66: rare | J66: 2.44 | K66: W | L66: Flying Whenever one or more other creatures you control with power 2 or less enter, draw a card. This ability triggers only once each turn. | M66: https://scryfall.com/card/tdc/140/welcoming-vampire?utm_source=api | N66: 3.22 2.44 4.39 4.37 7.38 4.30 | O66: https://cards.scryfall.io/small/front/3/5/35a69bb5-b8e6-4558-9563-10c7a3662f93.jpg?1783907112
A67: FALSE | B67: 1 | C67: Wild Wasteland | D67: Enchantment | E67: {2}{R} | F67: {=IF(INDEX('Binder Data'!$A$252:$A$501,ROW()-1)="","",IF(INDEX('Binder Data'!$D$252:$D$501,ROW()-1)="Needed",INDEX('Binder Data'!$B$252:$B$501,ROW()-1),INDEX('Binder Data'!$D$252:$D$501,ROW()-1)))} -> Commander Box | G67: Fallout | H67: 3 | I67: rare | J67: 1.08 | K67: R | L67: Skip your draw step. At the beginning of your upkeep, exile the top two cards of your library. You may play those cards this turn. | M67: https://scryfall.com/card/pip/71/wild-wasteland?utm_source=api | N67: 1.08 | O67: https://cards.scryfall.io/small/front/c/a/ca1024d6-c5f1-48f5-9081-fb90d0c46fdb.jpg?1783912401
A68: FALSE | B68: 1 | C68: Windbrisk Heights | D68: Land | F68: {=IF(INDEX('Binder Data'!$A$252:$A$501,ROW()-1)="","",IF(INDEX('Binder Data'!$D$252:$D$501,ROW()-1)="Needed",INDEX('Binder Data'!$B$252:$B$501,ROW()-1),INDEX('Binder Data'!$D$252:$D$501,ROW()-1)))} -> Commander Box | G68: Tarkir: Dragonstorm Commander Fallout The Lost Caverns of Ixalan Commander Tales of Middle-earth Commander Phyrexia: All Will Be One Commander Commander Legends: Battle for Baldur's Gate New Capenna Commander Secret Lair Drop Commander 2020 Commander 2016 Modern Event Deck 2014 From the Vault: Realms Lorwyn | H68: 0 | I68: rare | J68: 0.21 | L68: Hideaway 4 (When this land enters, look at the top four cards of your library, exile one face down, then put the rest on the bottom in a random order.) This land enters tapped. {T}: Add {W}. {W}, {T}: You may play the exiled card without paying its mana cost if you attacked with three or more creatures this turn. | M68: https://scryfall.com/card/tdc/411/windbrisk-heights?utm_source=api | N68: 0.29 0.33 0.21 0.34 0.40 0.35 0.36 8.12 0.26 0.27 0.38 1.58 1.37 | O68: https://cards.scryfall.io/small/front/d/f/df441bae-3b9c-46a9-8287-870c00d58a64.jpg?1783906957
A69: FALSE | B69: 1 | C69: Witty Roastmaster | D69: Creature — Devil Citizen | E69: {2}{R} | F69: {=IF(INDEX('Binder Data'!$A$252:$A$501,ROW()-1)="","",IF(INDEX('Binder Data'!$D$252:$D$501,ROW()-1)="Needed",INDEX('Binder Data'!$B$252:$B$501,ROW()-1),INDEX('Binder Data'!$D$252:$D$501,ROW()-1)))} -> Streets of New Capenna | G69: Streets of New Capenna | H69: 3 | I69: common | J69: 0.93 | K69: R | L69: Alliance — Whenever another creature you control enters, this creature deals 1 damage to each opponent. | M69: https://scryfall.com/card/snc/131/witty-roastmaster?utm_source=api | N69: 0.93 | O69: https://cards.scryfall.io/small/front/7/1/71d13f19-482b-4a2e-9692-b7d7caf2f9f5.jpg?1783923109
A70: FALSE | F70: {=IF(INDEX('Binder Data'!$A$252:$A$501,ROW()-1)="","",IF(INDEX('Binder Data'!$D$252:$D$501,ROW()-1)="Needed",INDEX('Binder Data'!$B$252:$B$501,ROW()-1),INDEX('Binder Data'!$D$252:$D$501,ROW()-1)))}
A71: FALSE | F71: {=IF(INDEX('Binder Data'!$A$252:$A$501,ROW()-1)="","",IF(INDEX('Binder Data'!$D$252:$D$501,ROW()-1)="Needed",INDEX('Binder Data'!$B$252:$B$501,ROW()-1),INDEX('Binder Data'!$D$252:$D$501,ROW()-1)))}
A72: FALSE | F72: {=IF(INDEX('Binder Data'!$A$252:$A$501,ROW()-1)="","",IF(INDEX('Binder Data'!$D$252:$D$501,ROW()-1)="Needed",INDEX('Binder Data'!$B$252:$B$501,ROW()-1),INDEX('Binder Data'!$D$252:$D$501,ROW()-1)))}
A73: FALSE | F73: {=IF(INDEX('Binder Data'!$A$252:$A$501,ROW()-1)="","",IF(INDEX('Binder Data'!$D$252:$D$501,ROW()-1)="Needed",INDEX('Binder Data'!$B$252:$B$501,ROW()-1),INDEX('Binder Data'!$D$252:$D$501,ROW()-1)))}
A74: FALSE | F74: {=IF(INDEX('Binder Data'!$A$252:$A$501,ROW()-1)="","",IF(INDEX('Binder Data'!$D$252:$D$501,ROW()-1)="Needed",INDEX('Binder Data'!$B$252:$B$501,ROW()-1),INDEX('Binder Data'!$D$252:$D$501,ROW()-1)))}
A75: FALSE | F75: {=IF(INDEX('Binder Data'!$A$252:$A$501,ROW()-1)="","",IF(INDEX('Binder Data'!$D$252:$D$501,ROW()-1)="Needed",INDEX('Binder Data'!$B$252:$B$501,ROW()-1),INDEX('Binder Data'!$D$252:$D$501,ROW()-1)))}
A76: FALSE | F76: {=IF(INDEX('Binder Data'!$A$252:$A$501,ROW()-1)="","",IF(INDEX('Binder Data'!$D$252:$D$501,ROW()-1)="Needed",INDEX('Binder Data'!$B$252:$B$501,ROW()-1),INDEX('Binder Data'!$D$252:$D$501,ROW()-1)))}
A77: FALSE | F77: {=IF(INDEX('Binder Data'!$A$252:$A$501,ROW()-1)="","",IF(INDEX('Binder Data'!$D$252:$D$501,ROW()-1)="Needed",INDEX('Binder Data'!$B$252:$B$501,ROW()-1),INDEX('Binder Data'!$D$252:$D$501,ROW()-1)))}
A78: FALSE | F78: {=IF(INDEX('Binder Data'!$A$252:$A$501,ROW()-1)="","",IF(INDEX('Binder Data'!$D$252:$D$501,ROW()-1)="Needed",INDEX('Binder Data'!$B$252:$B$501,ROW()-1),INDEX('Binder Data'!$D$252:$D$501,ROW()-1)))}
A79: FALSE | F79: {=IF(INDEX('Binder Data'!$A$252:$A$501,ROW()-1)="","",IF(INDEX('Binder Data'!$D$252:$D$501,ROW()-1)="Needed",INDEX('Binder Data'!$B$252:$B$501,ROW()-1),INDEX('Binder Data'!$D$252:$D$501,ROW()-1)))}
A80: FALSE | F80: {=IF(INDEX('Binder Data'!$A$252:$A$501,ROW()-1)="","",IF(INDEX('Binder Data'!$D$252:$D$501,ROW()-1)="Needed",INDEX('Binder Data'!$B$252:$B$501,ROW()-1),INDEX('Binder Data'!$D$252:$D$501,ROW()-1)))}
A81: FALSE | F81: {=IF(INDEX('Binder Data'!$A$252:$A$501,ROW()-1)="","",IF(INDEX('Binder Data'!$D$252:$D$501,ROW()-1)="Needed",INDEX('Binder Data'!$B$252:$B$501,ROW()-1),INDEX('Binder Data'!$D$252:$D$501,ROW()-1)))}
... A89: FALSE | F89: {=IF(INDEX('Binder Data'!$A$252:$A$501,ROW()-1)="","",IF(INDEX('Binder Data'!$D$252:$D$501,ROW()-1)="Needed",INDEX('Binder Data'!$B$252:$B$501,ROW()-1),INDEX('Binder Data'!$D$252:$D$501,ROW()-1)))}
F90: {=IF(INDEX('Binder Data'!$A$252:$A$501,ROW()-1)="","",IF(INDEX('Binder Data'!$D$252:$D$501,ROW()-1)="Needed",INDEX('Binder Data'!$B$252:$B$501,ROW()-1),INDEX('Binder Data'!$D$252:$D$501,ROW()-1)))}
F91: {=IF(INDEX('Binder Data'!$A$252:$A$501,ROW()-1)="","",IF(INDEX('Binder Data'!$D$252:$D$501,ROW()-1)="Needed",INDEX('Binder Data'!$B$252:$B$501,ROW()-1),INDEX('Binder Data'!$D$252:$D$501,ROW()-1)))}
F92: {=IF(INDEX('Binder Data'!$A$252:$A$501,ROW()-1)="","",IF(INDEX('Binder Data'!$D$252:$D$501,ROW()-1)="Needed",INDEX('Binder Data'!$B$252:$B$501,ROW()-1),INDEX('Binder Data'!$D$252:$D$501,ROW()-1)))}
F93: {=IF(INDEX('Binder Data'!$A$252:$A$501,ROW()-1)="","",IF(INDEX('Binder Data'!$D$252:$D$501,ROW()-1)="Needed",INDEX('Binder Data'!$B$252:$B$501,ROW()-1),INDEX('Binder Data'!$D$252:$D$501,ROW()-1)))}
F94: {=IF(INDEX('Binder Data'!$A$252:$A$501,ROW()-1)="","",IF(INDEX('Binder Data'!$D$252:$D$501,ROW()-1)="Needed",INDEX('Binder Data'!$B$252:$B$501,ROW()-1),INDEX('Binder Data'!$D$252:$D$501,ROW()-1)))}
F95: {=IF(INDEX('Binder Data'!$A$252:$A$501,ROW()-1)="","",IF(INDEX('Binder Data'!$D$252:$D$501,ROW()-1)="Needed",INDEX('Binder Data'!$B$252:$B$501,ROW()-1),INDEX('Binder Data'!$D$252:$D$501,ROW()-1)))}
F96: {=IF(INDEX('Binder Data'!$A$252:$A$501,ROW()-1)="","",IF(INDEX('Binder Data'!$D$252:$D$501,ROW()-1)="Needed",INDEX('Binder Data'!$B$252:$B$501,ROW()-1),INDEX('Binder Data'!$D$252:$D$501,ROW()-1)))}
F97: {=IF(INDEX('Binder Data'!$A$252:$A$501,ROW()-1)="","",IF(INDEX('Binder Data'!$D$252:$D$501,ROW()-1)="Needed",INDEX('Binder Data'!$B$252:$B$501,ROW()-1),INDEX('Binder Data'!$D$252:$D$501,ROW()-1)))}
F98: {=IF(INDEX('Binder Data'!$A$252:$A$501,ROW()-1)="","",IF(INDEX('Binder Data'!$D$252:$D$501,ROW()-1)="Needed",INDEX('Binder Data'!$B$252:$B$501,ROW()-1),INDEX('Binder Data'!$D$252:$D$501,ROW()-1)))}
F99: {=IF(INDEX('Binder Data'!$A$252:$A$501,ROW()-1)="","",IF(INDEX('Binder Data'!$D$252:$D$501,ROW()-1)="Needed",INDEX('Binder Data'!$B$252:$B$501,ROW()-1),INDEX('Binder Data'!$D$252:$D$501,ROW()-1)))}
F100: {=IF(INDEX('Binder Data'!$A$252:$A$501,ROW()-1)="","",IF(INDEX('Binder Data'!$D$252:$D$501,ROW()-1)="Needed",INDEX('Binder Data'!$B$252:$B$501,ROW()-1),INDEX('Binder Data'!$D$252:$D$501,ROW()-1)))}
F101: {=IF(INDEX('Binder Data'!$A$252:$A$501,ROW()-1)="","",IF(INDEX('Binder Data'!$D$252:$D$501,ROW()-1)="Needed",INDEX('Binder Data'!$B$252:$B$501,ROW()-1),INDEX('Binder Data'!$D$252:$D$501,ROW()-1)))}
... F251: {=IF(INDEX('Binder Data'!$A$252:$A$501,ROW()-1)="","",IF(INDEX('Binder Data'!$D$252:$D$501,ROW()-1)="Needed",INDEX('Binder Data'!$B$252:$B$501,ROW()-1),INDEX('Binder Data'!$D$252:$D$501,ROW()-1)))}

Sheet Deck 2
A1: In Collection? | B1: count | C1: name | D1: type_line | E1: mana_cost | F1: target_binder | G1: set_name | H1: cmc | I1: rarity | J1: price_usd | K1: colors | L1: oracle_text | M1: scryfall_uri | N1: set_prices | O1: image_uri
A2: FALSE | F2: {=IF(INDEX('Binder Data'!$A$502:$A$751,ROW()-1)="","",IF(INDEX('Binder Data'!$D$502:$D$751,ROW()-1)="Needed",INDEX('Binder Data'!$B$502:$B$751,ROW()-1),INDEX('Binder Data'!$D$502:$D$751,ROW()-1)))}
A3: FALSE | F3: {=IF(INDEX('Binder Data'!$A$502:$A$751,ROW()-1)="","",IF(INDEX('Binder Data'!$D$502:$D$751,ROW()-1)="Needed",INDEX('Binder Data'!$B$502:$B$751,ROW()-1),INDEX('Binder Data'!$D$502:$D$751,ROW()-1)))}
A4: FALSE | F4: {=IF(INDEX('Binder Data'!$A$502:$A$751,ROW()-1)="","",IF(INDEX('Binder Data'!$D$502:$D$751,ROW()-1)="Needed",INDEX('Binder Data'!$B$502:$B$751,ROW()-1),INDEX('Binder Data'!$D$502:$D$751,ROW()-1)))}
A5: FALSE | F5: {=IF(INDEX('Binder Data'!$A$502:$A$751,ROW()-1)="","",IF(INDEX('Binder Data'!$D$502:$D$751,ROW()-1)="Needed",INDEX('Binder Data'!$B$502:$B$751,ROW()-1),INDEX('Binder Data'!$D$502:$D$751,ROW()-1)))}
A6: FALSE | F6: {=IF(INDEX('Binder Data'!$A$502:$A$751,ROW()-1)="","",IF(INDEX('Binder Data'!$D$502:$D$751,ROW()-1)="Needed",INDEX('Binder Data'!$B$502:$B$751,ROW()-1),INDEX('Binder Data'!$D$502:$D$751,ROW()-1)))}
A7: FALSE | F7: {=IF(INDEX('Binder Data'!$A$502:$A$751,ROW()-1)="","",IF(INDEX('Binder Data'!$D$502:$D$751,ROW()-1)="Needed",INDEX('Binder Data'!$B$502:$B$751,ROW()-1),INDEX('Binder Data'!$D$502:$D$751,ROW()-1)))}
A8: FALSE | F8: {=IF(INDEX('Binder Data'!$A$502:$A$751,ROW()-1)="","",IF(INDEX('Binder Data'!$D$502:$D$751,ROW()-1)="Needed",INDEX('Binder Data'!$B$502:$B$751,ROW()-1),INDEX('Binder Data'!$D$502:$D$751,ROW()-1)))}
A9: FALSE | F9: {=IF(INDEX('Binder Data'!$A$502:$A$751,ROW()-1)="","",IF(INDEX('Binder Data'!$D$502:$D$751,ROW()-1)="Needed",INDEX('Binder Data'!$B$502:$B$751,ROW()-1),INDEX('Binder Data'!$D$502:$D$751,ROW()-1)))}
A10: FALSE | F10: {=IF(INDEX('Binder Data'!$A$502:$A$751,ROW()-1)="","",IF(INDEX('Binder Data'!$D$502:$D$751,ROW()-1)="Needed",INDEX('Binder Data'!$B$502:$B$751,ROW()-1),INDEX('Binder Data'!$D$502:$D$751,ROW()-1)))}
A11: FALSE | F11: {=IF(INDEX('Binder Data'!$A$502:$A$751,ROW()-1)="","",IF(INDEX('Binder Data'!$D$502:$D$751,ROW()-1)="Needed",INDEX('Binder Data'!$B$502:$B$751,ROW()-1),INDEX('Binder Data'!$D$502:$D$751,ROW()-1)))}
A12: FALSE | F12: {=IF(INDEX('Binder Data'!$A$502:$A$751,ROW()-1)="","",IF(INDEX('Binder Data'!$D$502:$D$751,ROW()-1)="Needed",INDEX('Binder Data'!$B$502:$B$751,ROW()-1),INDEX('Binder Data'!$D$502:$D$751,ROW()-1)))}
A13: FALSE | F13: {=IF(INDEX('Binder Data'!$A$502:$A$751,ROW()-1)="","",IF(INDEX('Binder Data'!$D$502:$D$751,ROW()-1)="Needed",INDEX('Binder Data'!$B$502:$B$751,ROW()-1),INDEX('Binder Data'!$D$502:$D$751,ROW()-1)))}
... A89: FALSE | F89: {=IF(INDEX('Binder Data'!$A$502:$A$751,ROW()-1)="","",IF(INDEX('Binder Data'!$D$502:$D$751,ROW()-1)="Needed",INDEX('Binder Data'!$B$502:$B$751,ROW()-1),INDEX('Binder Data'!$D$502:$D$751,ROW()-1)))}
F90: {=IF(INDEX('Binder Data'!$A$502:$A$751,ROW()-1)="","",IF(INDEX('Binder Data'!$D$502:$D$751,ROW()-1)="Needed",INDEX('Binder Data'!$B$502:$B$751,ROW()-1),INDEX('Binder Data'!$D$502:$D$751,ROW()-1)))}
F91: {=IF(INDEX('Binder Data'!$A$502:$A$751,ROW()-1)="","",IF(INDEX('Binder Data'!$D$502:$D$751,ROW()-1)="Needed",INDEX('Binder Data'!$B$502:$B$751,ROW()-1),INDEX('Binder Data'!$D$502:$D$751,ROW()-1)))}
F92: {=IF(INDEX('Binder Data'!$A$502:$A$751,ROW()-1)="","",IF(INDEX('Binder Data'!$D$502:$D$751,ROW()-1)="Needed",INDEX('Binder Data'!$B$502:$B$751,ROW()-1),INDEX('Binder Data'!$D$502:$D$751,ROW()-1)))}
F93: {=IF(INDEX('Binder Data'!$A$502:$A$751,ROW()-1)="","",IF(INDEX('Binder Data'!$D$502:$D$751,ROW()-1)="Needed",INDEX('Binder Data'!$B$502:$B$751,ROW()-1),INDEX('Binder Data'!$D$502:$D$751,ROW()-1)))}
F94: {=IF(INDEX('Binder Data'!$A$502:$A$751,ROW()-1)="","",IF(INDEX('Binder Data'!$D$502:$D$751,ROW()-1)="Needed",INDEX('Binder Data'!$B$502:$B$751,ROW()-1),INDEX('Binder Data'!$D$502:$D$751,ROW()-1)))}
F95: {=IF(INDEX('Binder Data'!$A$502:$A$751,ROW()-1)="","",IF(INDEX('Binder Data'!$D$502:$D$751,ROW()-1)="Needed",INDEX('Binder Data'!$B$502:$B$751,ROW()-1),INDEX('Binder Data'!$D$502:$D$751,ROW()-1)))}
F96: {=IF(INDEX('Binder Data'!$A$502:$A$751,ROW()-1)="","",IF(INDEX('Binder Data'!$D$502:$D$751,ROW()-1)="Needed",INDEX('Binder Data'!$B$502:$B$751,ROW()-1),INDEX('Binder Data'!$D$502:$D$751,ROW()-1)))}
F97: {=IF(INDEX('Binder Data'!$A$502:$A$751,ROW()-1)="","",IF(INDEX('Binder Data'!$D$502:$D$751,ROW()-1)="Needed",INDEX('Binder Data'!$B$502:$B$751,ROW()-1),INDEX('Binder Data'!$D$502:$D$751,ROW()-1)))}
F98: {=IF(INDEX('Binder Data'!$A$502:$A$751,ROW()-1)="","",IF(INDEX('Binder Data'!$D$502:$D$751,ROW()-1)="Needed",INDEX('Binder Data'!$B$502:$B$751,ROW()-1),INDEX('Binder Data'!$D$502:$D$751,ROW()-1)))}
F99: {=IF(INDEX('Binder Data'!$A$502:$A$751,ROW()-1)="","",IF(INDEX('Binder Data'!$D$502:$D$751,ROW()-1)="Needed",INDEX('Binder Data'!$B$502:$B$751,ROW()-1),INDEX('Binder Data'!$D$502:$D$751,ROW()-1)))}
F100: {=IF(INDEX('Binder Data'!$A$502:$A$751,ROW()-1)="","",IF(INDEX('Binder Data'!$D$502:$D$751,ROW()-1)="Needed",INDEX('Binder Data'!$B$502:$B$751,ROW()-1),INDEX('Binder Data'!$D$502:$D$751,ROW()-1)))}
F101: {=IF(INDEX('Binder Data'!$A$502:$A$751,ROW()-1)="","",IF(INDEX('Binder Data'!$D$502:$D$751,ROW()-1)="Needed",INDEX('Binder Data'!$B$502:$B$751,ROW()-1),INDEX('Binder Data'!$D$502:$D$751,ROW()-1)))}
... F251: {=IF(INDEX('Binder Data'!$A$502:$A$751,ROW()-1)="","",IF(INDEX('Binder Data'!$D$502:$D$751,ROW()-1)="Needed",INDEX('Binder Data'!$B$502:$B$751,ROW()-1),INDEX('Binder Data'!$D$502:$D$751,ROW()-1)))}

Sheet Deck 3
A1: In Collection? | B1: count | C1: name | D1: type_line | E1: mana_cost | F1: target_binder | G1: set_name | H1: cmc | I1: rarity | J1: price_usd | K1: colors | L1: oracle_text | M1: scryfall_uri | N1: set_prices | O1: image_uri
A2: FALSE | F2: {=IF(INDEX('Binder Data'!$A$752:$A$1001,ROW()-1)="","",IF(INDEX('Binder Data'!$D$752:$D$1001,ROW()-1)="Needed",INDEX('Binder Data'!$B$752:$B$1001,ROW()-1),INDEX('Binder Data'!$D$752:$D$1001,ROW()-1)))}
A3: FALSE | F3: {=IF(INDEX('Binder Data'!$A$752:$A$1001,ROW()-1)="","",IF(INDEX('Binder Data'!$D$752:$D$1001,ROW()-1)="Needed",INDEX('Binder Data'!$B$752:$B$1001,ROW()-1),INDEX('Binder Data'!$D$752:$D$1001,ROW()-1)))}
A4: FALSE | F4: {=IF(INDEX('Binder Data'!$A$752:$A$1001,ROW()-1)="","",IF(INDEX('Binder Data'!$D$752:$D$1001,ROW()-1)="Needed",INDEX('Binder Data'!$B$752:$B$1001,ROW()-1),INDEX('Binder Data'!$D$752:$D$1001,ROW()-1)))}
A5: FALSE | F5: {=IF(INDEX('Binder Data'!$A$752:$A$1001,ROW()-1)="","",IF(INDEX('Binder Data'!$D$752:$D$1001,ROW()-1)="Needed",INDEX('Binder Data'!$B$752:$B$1001,ROW()-1),INDEX('Binder Data'!$D$752:$D$1001,ROW()-1)))}
A6: FALSE | F6: {=IF(INDEX('Binder Data'!$A$752:$A$1001,ROW()-1)="","",IF(INDEX('Binder Data'!$D$752:$D$1001,ROW()-1)="Needed",INDEX('Binder Data'!$B$752:$B$1001,ROW()-1),INDEX('Binder Data'!$D$752:$D$1001,ROW()-1)))}
A7: FALSE | F7: {=IF(INDEX('Binder Data'!$A$752:$A$1001,ROW()-1)="","",IF(INDEX('Binder Data'!$D$752:$D$1001,ROW()-1)="Needed",INDEX('Binder Data'!$B$752:$B$1001,ROW()-1),INDEX('Binder Data'!$D$752:$D$1001,ROW()-1)))}
A8: FALSE | F8: {=IF(INDEX('Binder Data'!$A$752:$A$1001,ROW()-1)="","",IF(INDEX('Binder Data'!$D$752:$D$1001,ROW()-1)="Needed",INDEX('Binder Data'!$B$752:$B$1001,ROW()-1),INDEX('Binder Data'!$D$752:$D$1001,ROW()-1)))}
A9: FALSE | F9: {=IF(INDEX('Binder Data'!$A$752:$A$1001,ROW()-1)="","",IF(INDEX('Binder Data'!$D$752:$D$1001,ROW()-1)="Needed",INDEX('Binder Data'!$B$752:$B$1001,ROW()-1),INDEX('Binder Data'!$D$752:$D$1001,ROW()-1)))}
A10: FALSE | F10: {=IF(INDEX('Binder Data'!$A$752:$A$1001,ROW()-1)="","",IF(INDEX('Binder Data'!$D$752:$D$1001,ROW()-1)="Needed",INDEX('Binder Data'!$B$752:$B$1001,ROW()-1),INDEX('Binder Data'!$D$752:$D$1001,ROW()-1)))}
A11: FALSE | F11: {=IF(INDEX('Binder Data'!$A$752:$A$1001,ROW()-1)="","",IF(INDEX('Binder Data'!$D$752:$D$1001,ROW()-1)="Needed",INDEX('Binder Data'!$B$752:$B$1001,ROW()-1),INDEX('Binder Data'!$D$752:$D$1001,ROW()-1)))}
A12: FALSE | F12: {=IF(INDEX('Binder Data'!$A$752:$A$1001,ROW()-1)="","",IF(INDEX('Binder Data'!$D$752:$D$1001,ROW()-1)="Needed",INDEX('Binder Data'!$B$752:$B$1001,ROW()-1),INDEX('Binder Data'!$D$752:$D$1001,ROW()-1)))}
A13: FALSE | F13: {=IF(INDEX('Binder Data'!$A$752:$A$1001,ROW()-1)="","",IF(INDEX('Binder Data'!$D$752:$D$1001,ROW()-1)="Needed",INDEX('Binder Data'!$B$752:$B$1001,ROW()-1),INDEX('Binder Data'!$D$752:$D$1001,ROW()-1)))}
... A89: FALSE | F89: {=IF(INDEX('Binder Data'!$A$752:$A$1001,ROW()-1)="","",IF(INDEX('Binder Data'!$D$752:$D$1001,ROW()-1)="Needed",INDEX('Binder Data'!$B$752:$B$1001,ROW()-1),INDEX('Binder Data'!$D$752:$D$1001,ROW()-1)))}
F90: {=IF(INDEX('Binder Data'!$A$752:$A$1001,ROW()-1)="","",IF(INDEX('Binder Data'!$D$752:$D$1001,ROW()-1)="Needed",INDEX('Binder Data'!$B$752:$B$1001,ROW()-1),INDEX('Binder Data'!$D$752:$D$1001,ROW()-1)))}
F91: {=IF(INDEX('Binder Data'!$A$752:$A$1001,ROW()-1)="","",IF(INDEX('Binder Data'!$D$752:$D$1001,ROW()-1)="Needed",INDEX('Binder Data'!$B$752:$B$1001,ROW()-1),INDEX('Binder Data'!$D$752:$D$1001,ROW()-1)))}
F92: {=IF(INDEX('Binder Data'!$A$752:$A$1001,ROW()-1)="","",IF(INDEX('Binder Data'!$D$752:$D$1001,ROW()-1)="Needed",INDEX('Binder Data'!$B$752:$B$1001,ROW()-1),INDEX('Binder Data'!$D$752:$D$1001,ROW()-1)))}
F93: {=IF(INDEX('Binder Data'!$A$752:$A$1001,ROW()-1)="","",IF(INDEX('Binder Data'!$D$752:$D$1001,ROW()-1)="Needed",INDEX('Binder Data'!$B$752:$B$1001,ROW()-1),INDEX('Binder Data'!$D$752:$D$1001,ROW()-1)))}
F94: {=IF(INDEX('Binder Data'!$A$752:$A$1001,ROW()-1)="","",IF(INDEX('Binder Data'!$D$752:$D$1001,ROW()-1)="Needed",INDEX('Binder Data'!$B$752:$B$1001,ROW()-1),INDEX('Binder Data'!$D$752:$D$1001,ROW()-1)))}
F95: {=IF(INDEX('Binder Data'!$A$752:$A$1001,ROW()-1)="","",IF(INDEX('Binder Data'!$D$752:$D$1001,ROW()-1)="Needed",INDEX('Binder Data'!$B$752:$B$1001,ROW()-1),INDEX('Binder Data'!$D$752:$D$1001,ROW()-1)))}
F96: {=IF(INDEX('Binder Data'!$A$752:$A$1001,ROW()-1)="","",IF(INDEX('Binder Data'!$D$752:$D$1001,ROW()-1)="Needed",INDEX('Binder Data'!$B$752:$B$1001,ROW()-1),INDEX('Binder Data'!$D$752:$D$1001,ROW()-1)))}
F97: {=IF(INDEX('Binder Data'!$A$752:$A$1001,ROW()-1)="","",IF(INDEX('Binder Data'!$D$752:$D$1001,ROW()-1)="Needed",INDEX('Binder Data'!$B$752:$B$1001,ROW()-1),INDEX('Binder Data'!$D$752:$D$1001,ROW()-1)))}
F98: {=IF(INDEX('Binder Data'!$A$752:$A$1001,ROW()-1)="","",IF(INDEX('Binder Data'!$D$752:$D$1001,ROW()-1)="Needed",INDEX('Binder Data'!$B$752:$B$1001,ROW()-1),INDEX('Binder Data'!$D$752:$D$1001,ROW()-1)))}
F99: {=IF(INDEX('Binder Data'!$A$752:$A$1001,ROW()-1)="","",IF(INDEX('Binder Data'!$D$752:$D$1001,ROW()-1)="Needed",INDEX('Binder Data'!$B$752:$B$1001,ROW()-1),INDEX('Binder Data'!$D$752:$D$1001,ROW()-1)))}
F100: {=IF(INDEX('Binder Data'!$A$752:$A$1001,ROW()-1)="","",IF(INDEX('Binder Data'!$D$752:$D$1001,ROW()-1)="Needed",INDEX('Binder Data'!$B$752:$B$1001,ROW()-1),INDEX('Binder Data'!$D$752:$D$1001,ROW()-1)))}
F101: {=IF(INDEX('Binder Data'!$A$752:$A$1001,ROW()-1)="","",IF(INDEX('Binder Data'!$D$752:$D$1001,ROW()-1)="Needed",INDEX('Binder Data'!$B$752:$B$1001,ROW()-1),INDEX('Binder Data'!$D$752:$D$1001,ROW()-1)))}
... F251: {=IF(INDEX('Binder Data'!$A$752:$A$1001,ROW()-1)="","",IF(INDEX('Binder Data'!$D$752:$D$1001,ROW()-1)="Needed",INDEX('Binder Data'!$B$752:$B$1001,ROW()-1),INDEX('Binder Data'!$D$752:$D$1001,ROW()-1)))}

Sheet Deck 4
A1: In Collection? | B1: count | C1: name | D1: type_line | E1: mana_cost | F1: target_binder | G1: set_name | H1: cmc | I1: rarity | J1: price_usd | K1: colors | L1: oracle_text | M1: scryfall_uri | N1: set_prices | O1: image_uri
A2: FALSE | F2: {=IF(INDEX('Binder Data'!$A$1002:$A$1251,ROW()-1)="","",IF(INDEX('Binder Data'!$D$1002:$D$1251,ROW()-1)="Needed",INDEX('Binder Data'!$B$1002:$B$1251,ROW()-1),INDEX('Binder Data'!$D$1002:$D$1251,ROW()-1)))}
A3: FALSE | F3: {=IF(INDEX('Binder Data'!$A$1002:$A$1251,ROW()-1)="","",IF(INDEX('Binder Data'!$D$1002:$D$1251,ROW()-1)="Needed",INDEX('Binder Data'!$B$1002:$B$1251,ROW()-1),INDEX('Binder Data'!$D$1002:$D$1251,ROW()-1)))}
A4: FALSE | F4: {=IF(INDEX('Binder Data'!$A$1002:$A$1251,ROW()-1)="","",IF(INDEX('Binder Data'!$D$1002:$D$1251,ROW()-1)="Needed",INDEX('Binder Data'!$B$1002:$B$1251,ROW()-1),INDEX('Binder Data'!$D$1002:$D$1251,ROW()-1)))}
A5: FALSE | F5: {=IF(INDEX('Binder Data'!$A$1002:$A$1251,ROW()-1)="","",IF(INDEX('Binder Data'!$D$1002:$D$1251,ROW()-1)="Needed",INDEX('Binder Data'!$B$1002:$B$1251,ROW()-1),INDEX('Binder Data'!$D$1002:$D$1251,ROW()-1)))}
A6: FALSE | F6: {=IF(INDEX('Binder Data'!$A$1002:$A$1251,ROW()-1)="","",IF(INDEX('Binder Data'!$D$1002:$D$1251,ROW()-1)="Needed",INDEX('Binder Data'!$B$1002:$B$1251,ROW()-1),INDEX('Binder Data'!$D$1002:$D$1251,ROW()-1)))}
A7: FALSE | F7: {=IF(INDEX('Binder Data'!$A$1002:$A$1251,ROW()-1)="","",IF(INDEX('Binder Data'!$D$1002:$D$1251,ROW()-1)="Needed",INDEX('Binder Data'!$B$1002:$B$1251,ROW()-1),INDEX('Binder Data'!$D$1002:$D$1251,ROW()-1)))}
A8: FALSE | F8: {=IF(INDEX('Binder Data'!$A$1002:$A$1251,ROW()-1)="","",IF(INDEX('Binder Data'!$D$1002:$D$1251,ROW()-1)="Needed",INDEX('Binder Data'!$B$1002:$B$1251,ROW()-1),INDEX('Binder Data'!$D$1002:$D$1251,ROW()-1)))}
A9: FALSE | F9: {=IF(INDEX('Binder Data'!$A$1002:$A$1251,ROW()-1)="","",IF(INDEX('Binder Data'!$D$1002:$D$1251,ROW()-1)="Needed",INDEX('Binder Data'!$B$1002:$B$1251,ROW()-1),INDEX('Binder Data'!$D$1002:$D$1251,ROW()-1)))}
A10: FALSE | F10: {=IF(INDEX('Binder Data'!$A$1002:$A$1251,ROW()-1)="","",IF(INDEX('Binder Data'!$D$1002:$D$1251,ROW()-1)="Needed",INDEX('Binder Data'!$B$1002:$B$1251,ROW()-1),INDEX('Binder Data'!$D$1002:$D$1251,ROW()-1)))}
A11: FALSE | F11: {=IF(INDEX('Binder Data'!$A$1002:$A$1251,ROW()-1)="","",IF(INDEX('Binder Data'!$D$1002:$D$1251,ROW()-1)="Needed",INDEX('Binder Data'!$B$1002:$B$1251,ROW()-1),INDEX('Binder Data'!$D$1002:$D$1251,ROW()-1)))}
A12: FALSE | F12: {=IF(INDEX('Binder Data'!$A$1002:$A$1251,ROW()-1)="","",IF(INDEX('Binder Data'!$D$1002:$D$1251,ROW()-1)="Needed",INDEX('Binder Data'!$B$1002:$B$1251,ROW()-1),INDEX('Binder Data'!$D$1002:$D$1251,ROW()-1)))}
A13: FALSE | F13: {=IF(INDEX('Binder Data'!$A$1002:$A$1251,ROW()-1)="","",IF(INDEX('Binder Data'!$D$1002:$D$1251,ROW()-1)="Needed",INDEX('Binder Data'!$B$1002:$B$1251,ROW()-1),INDEX('Binder Data'!$D$1002:$D$1251,ROW()-1)))}
... A89: FALSE | F89: {=IF(INDEX('Binder Data'!$A$1002:$A$1251,ROW()-1)="","",IF(INDEX('Binder Data'!$D$1002:$D$1251,ROW()-1)="Needed",INDEX('Binder Data'!$B$1002:$B$1251,ROW()-1),INDEX('Binder Data'!$D$1002:$D$1251,ROW()-1)))}
F90: {=IF(INDEX('Binder Data'!$A$1002:$A$1251,ROW()-1)="","",IF(INDEX('Binder Data'!$D$1002:$D$1251,ROW()-1)="Needed",INDEX('Binder Data'!$B$1002:$B$1251,ROW()-1),INDEX('Binder Data'!$D$1002:$D$1251,ROW()-1)))}
F91: {=IF(INDEX('Binder Data'!$A$1002:$A$1251,ROW()-1)="","",IF(INDEX('Binder Data'!$D$1002:$D$1251,ROW()-1)="Needed",INDEX('Binder Data'!$B$1002:$B$1251,ROW()-1),INDEX('Binder Data'!$D$1002:$D$1251,ROW()-1)))}
F92: {=IF(INDEX('Binder Data'!$A$1002:$A$1251,ROW()-1)="","",IF(INDEX('Binder Data'!$D$1002:$D$1251,ROW()-1)="Needed",INDEX('Binder Data'!$B$1002:$B$1251,ROW()-1),INDEX('Binder Data'!$D$1002:$D$1251,ROW()-1)))}
F93: {=IF(INDEX('Binder Data'!$A$1002:$A$1251,ROW()-1)="","",IF(INDEX('Binder Data'!$D$1002:$D$1251,ROW()-1)="Needed",INDEX('Binder Data'!$B$1002:$B$1251,ROW()-1),INDEX('Binder Data'!$D$1002:$D$1251,ROW()-1)))}
F94: {=IF(INDEX('Binder Data'!$A$1002:$A$1251,ROW()-1)="","",IF(INDEX('Binder Data'!$D$1002:$D$1251,ROW()-1)="Needed",INDEX('Binder Data'!$B$1002:$B$1251,ROW()-1),INDEX('Binder Data'!$D$1002:$D$1251,ROW()-1)))}
F95: {=IF(INDEX('Binder Data'!$A$1002:$A$1251,ROW()-1)="","",IF(INDEX('Binder Data'!$D$1002:$D$1251,ROW()-1)="Needed",INDEX('Binder Data'!$B$1002:$B$1251,ROW()-1),INDEX('Binder Data'!$D$1002:$D$1251,ROW()-1)))}
F96: {=IF(INDEX('Binder Data'!$A$1002:$A$1251,ROW()-1)="","",IF(INDEX('Binder Data'!$D$1002:$D$1251,ROW()-1)="Needed",INDEX('Binder Data'!$B$1002:$B$1251,ROW()-1),INDEX('Binder Data'!$D$1002:$D$1251,ROW()-1)))}
F97: {=IF(INDEX('Binder Data'!$A$1002:$A$1251,ROW()-1)="","",IF(INDEX('Binder Data'!$D$1002:$D$1251,ROW()-1)="Needed",INDEX('Binder Data'!$B$1002:$B$1251,ROW()-1),INDEX('Binder Data'!$D$1002:$D$1251,ROW()-1)))}
F98: {=IF(INDEX('Binder Data'!$A$1002:$A$1251,ROW()-1)="","",IF(INDEX('Binder Data'!$D$1002:$D$1251,ROW()-1)="Needed",INDEX('Binder Data'!$B$1002:$B$1251,ROW()-1),INDEX('Binder Data'!$D$1002:$D$1251,ROW()-1)))}
F99: {=IF(INDEX('Binder Data'!$A$1002:$A$1251,ROW()-1)="","",IF(INDEX('Binder Data'!$D$1002:$D$1251,ROW()-1)="Needed",INDEX('Binder Data'!$B$1002:$B$1251,ROW()-1),INDEX('Binder Data'!$D$1002:$D$1251,ROW()-1)))}
F100: {=IF(INDEX('Binder Data'!$A$1002:$A$1251,ROW()-1)="","",IF(INDEX('Binder Data'!$D$1002:$D$1251,ROW()-1)="Needed",INDEX('Binder Data'!$B$1002:$B$1251,ROW()-1),INDEX('Binder Data'!$D$1002:$D$1251,ROW()-1)))}
F101: {=IF(INDEX('Binder Data'!$A$1002:$A$1251,ROW()-1)="","",IF(INDEX('Binder Data'!$D$1002:$D$1251,ROW()-1)="Needed",INDEX('Binder Data'!$B$1002:$B$1251,ROW()-1),INDEX('Binder Data'!$D$1002:$D$1251,ROW()-1)))}
... F251: {=IF(INDEX('Binder Data'!$A$1002:$A$1251,ROW()-1)="","",IF(INDEX('Binder Data'!$D$1002:$D$1251,ROW()-1)="Needed",INDEX('Binder Data'!$B$1002:$B$1251,ROW()-1),INDEX('Binder Data'!$D$1002:$D$1251,ROW()-1)))}

Sheet Deck 5
A1: In Collection? | B1: count | C1: name | D1: type_line | E1: mana_cost | F1: target_binder | G1: set_name | H1: cmc | I1: rarity | J1: price_usd | K1: colors | L1: oracle_text | M1: scryfall_uri | N1: set_prices | O1: image_uri
A2: FALSE | F2: {=IF(INDEX('Binder Data'!$A$1252:$A$1501,ROW()-1)="","",IF(INDEX('Binder Data'!$D$1252:$D$1501,ROW()-1)="Needed",INDEX('Binder Data'!$B$1252:$B$1501,ROW()-1),INDEX('Binder Data'!$D$1252:$D$1501,ROW()-1)))}
A3: FALSE | F3: {=IF(INDEX('Binder Data'!$A$1252:$A$1501,ROW()-1)="","",IF(INDEX('Binder Data'!$D$1252:$D$1501,ROW()-1)="Needed",INDEX('Binder Data'!$B$1252:$B$1501,ROW()-1),INDEX('Binder Data'!$D$1252:$D$1501,ROW()-1)))}
A4: FALSE | F4: {=IF(INDEX('Binder Data'!$A$1252:$A$1501,ROW()-1)="","",IF(INDEX('Binder Data'!$D$1252:$D$1501,ROW()-1)="Needed",INDEX('Binder Data'!$B$1252:$B$1501,ROW()-1),INDEX('Binder Data'!$D$1252:$D$1501,ROW()-1)))}
A5: FALSE | F5: {=IF(INDEX('Binder Data'!$A$1252:$A$1501,ROW()-1)="","",IF(INDEX('Binder Data'!$D$1252:$D$1501,ROW()-1)="Needed",INDEX('Binder Data'!$B$1252:$B$1501,ROW()-1),INDEX('Binder Data'!$D$1252:$D$1501,ROW()-1)))}
